,0,1,2,3
0,16155.925,19.5975,1.5197825,89242220.0
1,16102.713,20.17,1.5316551,44149464.0
2,16174.022,21.0,1.5150349,30208528.0
3,16391.393,20.995,1.50316,19939692.0
4,16483.168,19.58,1.45092,26549056.0
5,16722.197,20.31,1.41767,17897294.0
6,17140.402,19.907501,1.412925,9361338.0
7,17281.662,20.14,1.3891749,11881698.0
8,17534.588,19.965,1.4247975,16901362.0
9,17626.605,19.3325,1.424795,9866673.0
10,17527.805,19.682499,1.4247975,9390815.0
11,17803.717,19.675,1.42242,4337462.0
12,17594.451,19.4875,1.3891776,4931231.0
13,17572.848,19.0125,1.3891776,4931231.0
14,17699.613,19.035,1.3274375,7377896.0
15,17958.684,19.6075,1.439045,23106460.0
16,17798.293,19.485,1.5696476,43943120.0
17,17457.719,19.6925,1.5577775,12062776.0
18,17575.79,19.5775,1.505535,7316835.0
19,17410.34,20.119999,1.44617,7872704.0
20,17259.44,20.8575,1.408175,3181507.0
21,16882.623,20.58,1.403425,2739339.0
22,16958.11,20.055,1.455665,5212324.0
23,17091.24,20.08,1.45804,2151886.0
24,17274.555,18.7175,1.4580425,2825667.0
25,17410.52,19.1525,1.5601525,36390464.0
26,17641.705,18.875,1.67651,49743950.0
27,17469.898,18.995,1.638515,15429573.0
28,17221.473,19.045,1.5933975,9717178.0
29,17283.844,18.8775,1.6052725,13433498.0
30,17271.574,18.4225,1.6123974,7139968.0
31,17121.26,18.02,1.705005,75705550.0
32,17264.848,17.91,1.695505,25395208.0
33,17594.27,17.7325,1.7145075,22300028.0
34,17669.332,17.18,1.7501249,21238824.0
35,17553.785,17.5075,1.7596226,34103820.0
36,17466.285,17.6,1.738255,13557727.0
37,17610.713,17.5125,1.7335025,16581317.0
38,17577.107,17.25,1.69076,11313195.0
39,17445.814,16.76,1.6337675,11452163.0
40,17271.125,16.76,1.6147699,7032584.0
41,17130.336,16.8775,1.60527,2598266.0
42,17188.652,17.4725,1.626645,3924771.0
43,17134.875,17.0925,1.62427,1680240.0
44,17097.096,17.145,1.6147676,6632527.0
45,17286.32,19.555,1.63139,6224047.0
46,17589.113,20.2775,1.657515,3015168.0
47,17676.992,19.935,1.6266425,6434604.0
48,17612.918,18.699999,1.629015,5362872.0
49,17504.1,18.71,1.6123976,3844760.0
50,17364.385,18.5275,1.5934,4038472.0
51,17082.816,18.5,1.524535,4783841.0
52,16763.633,18.2425,1.453295,7043112.0
53,16471.008,19.565,1.4010475,3741587.0
54,16334.4,19.8875,1.3891749,2168731.0
55,15776.75,20.255001,1.3488075,2204526.0
56,15471.817,20.2675,1.296565,2905678.0
57,15717.617,21.557499,1.332185,2252953.0
58,15287.385,21.145,1.282315,2684594.0
59,14771.324,21.6425,1.25857,3261519.0
60,15166.53,21.717499,1.3036875,1404411.0
61,15293.68,20.365,1.3131875,1385461.0
62,15246.582,20.205,1.30369,2899362.0
63,15467.199,21.1425,1.341685,1269655.0
64,15657.33,21.275,1.3511825,1250705.0
65,15627.45,21.0,1.3345599,1819207.0
66,15762.457,21.755001,1.32506,842226.0
67,16124.947,24.06,1.3013151,1212805.0
68,15866.57,26.815,1.26807,1099104.0
69,15616.907,28.805,1.24907,810642.0
70,15238.548,28.465,1.2110775,1303344.0
71,15068.673,27.09,1.1018425,6489348.0
72,14660.228,27.1275,0.99260503,5750295.0
73,14971.133,25.94,0.949865,2554049.0
74,14579.615,24.13,0.8905,3147818.0
75,14326.3,24.6675,0.8430075,2172942.0
76,14948.71,24.2075,0.8905,1433889.0
77,15041.617,26.005001,0.9522375,2865673.0
78,15036.6875,27.942501,0.94273996,1179116.0
79,15045.28,27.102499,0.8952475,1021199.0
80,14957.8125,25.81,0.878625,1545484.0
81,14864.686,24.28,1.0234799,3482603.0
82,14876.643,23.877499,1.1042175,3514186.0
83,15155.532,23.8225,1.15171,3419436.0
84,15333.037,24.4825,1.154085,4070055.0
85,15555.67,25.0425,1.1944525,3202563.0
86,15667.338,25.285,1.19208,947504.0
87,15720.367,27.157501,1.1944525,772742.0
88,15772.0625,28.3525,1.175455,1225438.0
89,15501.686,29.375,1.15171,1080154.0
90,15429.192,27.2625,1.1374625,1204383.0
91,14943.918,26.6225,1.07097,2461404.0
92,15004.242,25.34,1.0852175,1523376.0
93,15263.668,25.164999,1.118465,600086.0
94,15209.402,26.9725,1.1208425,366368.0
95,15162.2295,27.0525,1.1018425,282146.0
96,15255.025,27.33,1.0970925,412691.0
97,15150.205,26.6575,1.073345,875915.0
98,14979.59,26.5375,1.101845,978034.0
99,14454.407,27.3125,1.0994675,360051.0
100,14490.92,27.7225,1.087595,195817.0
101,14529.5,29.4575,1.063845,166340.0
102,14575.04,27.814999,1.05435,694836.0
103,14248.415,28.18,1.011605,298990.0
104,14074.545,26.1375,0.97123504,1345455.0
105,14227.535,24.6225,0.95699,709575.0
106,14516.295,25.314999,0.990235,143178.0
107,14596.235,23.092499,1.0163575,513758.0
108,15026.575,23.5275,1.0377275,800114.0
109,14966.522,24.56,1.087595,2653011.0
110,15112.145,23.735,1.2087024,8639129.0
111,15328.748,24.2675,1.189705,2301381.0
112,15424.037,26.07,1.158835,871703.0
113,15307.918,27.2025,1.1350875,616930.0
114,15520.013,26.8675,1.1445875,372685.0
115,15117.695,30.785,1.1065924,1229649.0
116,14933.067,30.7925,1.0780976,244245.0
117,15117.348,28.17,1.092345,526391.0
118,14966.808,28.675,1.056725,168445.0
119,14672.013,28.4825,1.073345,795903.0
120,14757.082,27.2875,1.092345,404268.0
121,14807.248,28.045,1.047225,1008565.0
122,14804.947,26.66,1.051975,648514.0
123,14974.875,28.182499,1.0757225,341101.0
124,14978.825,28.69,1.0781,490596.0
125,14651.237,27.6025,1.056725,397952.0
126,15167.21,26.2075,1.106595,736947.0
127,15393.058,24.9625,1.09947,2021341.0
128,15354.223,25.3575,1.1113424,787481.0
129,15457.87,24.7075,1.1920775,6758860.0
130,15424.689,23.89,1.19683,2242426.0
131,15268.66,23.485,1.1588349,2099247.0
132,15235.078,23.7675,1.1540849,473752.0
133,15279.31,22.2975,1.15646,583241.0
134,15331.676,22.0725,1.13984,589558.0
135,15319.067,22.5525,1.1137176,305307.0
136,15416.984,22.645,1.11609,160023.0
137,15815.795,22.7325,1.13034,905393.0
138,16019.918,22.865,1.12559,320046.0
139,16034.1875,22.49,1.14696,402163.0
140,16127.885,21.89,1.144585,383213.0
141,16020.883,21.775,1.11609,463224.0
142,16007.747,21.3625,1.11134,414796.0
143,16081.468,21.775,1.1350875,336890.0
144,16141.897,22.485,1.13509,421113.0
145,15902.933,21.4475,1.180205,1716035.0
146,15883.457,21.85,1.2277,4750152.0
147,15972.547,20.8775,1.2371974,5697656.0
148,15919.745,21.9825,1.208705,1564434.0
149,15859.582,24.01,1.22295,1911852.0
150,15723.713,25.1525,1.2490726,2874095.0
151,15838.058,26.7725,1.251445,1947647.0
152,15863.598,27.9875,1.282315,10934194.0
153,15801.897,26.380001,1.30369,3901610.0
154,15691.37,25.9175,1.27282,3046751.0
155,15519.018,27.3975,1.25857,1930802.0
156,15519.332,29.02,1.30844,8458051.0
157,15404.74,28.1675,1.32506,4312195.0
158,15135.51,27.7375,1.29894,2596160.0
159,15190.342,26.0025,1.2989374,867492.0
160,15247.707,24.7625,1.30606,1972913.0
161,14899.645,24.46,1.2751925,1301239.0
162,14726.766,25.0775,1.241945,1465473.0
163,14521.018,29.119999,1.2087026,1709718.0
164,14122.115,29.1775,1.1398375,2893045.0
165,14063.883,29.8875,1.139835,1330716.0
166,14265.643,28.58,1.184955,2855145.0
167,14280.123,29.29,1.19683,2579316.0
168,14150.237,30.305,1.20158,1324400.0
169,14212.162,30.3875,1.2846925,10220408.0
170,13846.702,31.445,1.2466974,3021484.0
171,13426.888,33.2625,1.2205725,3322580.0
172,13265.478,29.58,1.1588324,2383498.0
173,13477.54,27.805,1.2087026,3623676.0
174,13421.915,28.5075,1.2775675,3574195.0
175,13376.808,29.11,1.2561951,749581.0
176,13106.215,28.755,1.2561951,859070.0
177,12798.05,30.345,1.2158275,1309661.0
178,12563.975,33.94,1.220575,623247.0
179,12825.043,34.075,1.24432,1861319.0
180,12846.583,31.21,1.251445,1395989.0
181,12867.675,31.085,1.22295,882231.0
182,12674.99,31.945,1.2110775,294779.0
183,12707.657,30.032501,1.225325,446380.0
184,12738.947,28.7325,1.251445,1088577.0
185,12623.297,27.175001,1.2965649,11527963.0
186,12245.532,26.645,1.2561924,4943864.0
187,12453.383,24.092499,1.2728175,2665644.0
188,12243.718,24.3525,1.26807,2084508.0
189,12227.192,25.0,1.265695,3438386.0
190,12573.697,27.8475,1.3084376,15555907.0
191,12888.987,28.0075,1.3298125,3935299.0
192,12741.713,24.51,1.317935,2722494.0
193,12870.942,24.8325,1.42242,30623324.0
194,13510.592,24.8475,1.5174075,18312090.0
195,13500.45,24.46,1.5031575,14627353.0
196,13370.82,25.7625,1.612395,27987156.0
197,13240.558,25.1925,1.688385,41904936.0
198,13252.607,24.9875,1.7026324,20621894.0
199,13315.885,24.68,1.7026324,20621894.0
200,13296.303,24.655,1.7168775,5518683.0
201,13712.047,24.2625,1.683635,8923380.0
202,13744.322,23.99,1.66939,4590130.0
203,13477.33,22.3625,1.785745,35906184.0
204,13538.572,22.0075,1.89854,19574376.0
205,13546.513,21.3925,1.8759825,4402734.0
206,13541.155,21.34,1.8831074,7967454.0
207,13583.59,21.3825,1.8451099,6946256.0
208,13626.912,21.8525,1.79287,5910318.0
209,13429.0,21.215,1.7928675,11292140.0
210,13260.747,20.6975,1.826115,4876486.0
211,13347.255,22.15,1.8403625,10121446.0
212,13613.123,22.6425,1.8379875,9529783.0
213,13542.755,22.7725,1.9211,38399172.0
214,13596.277,22.3125,1.88311,8765463.0
215,13839.529,21.605,1.9305949,10902610.0
216,13874.95,20.1925,2.0659525,25036208.0
217,13760.895,20.2625,2.0600176,4091111.0
218,13824.268,20.02,2.1431324,5255488.0
219,13727.17,19.89,2.1312575,4379573.0
220,13660.6455,20.695,2.149065,7638986.0
221,13475.902,21.005001,2.0362701,6453554.0
222,13221.689,21.135,2.042205,6996789.0
223,13197.388,22.622501,2.2618625,28677782.0
224,13203.407,23.4125,2.3093576,6872561.0
225,13328.425,23.225,2.344975,18642664.0
226,13557.154,22.3725,2.4459,23502304.0
227,13608.63,21.9125,2.5230749,13852506.0
228,13785.877,20.3475,2.6536825,21731526.0
229,13724.64,19.907501,2.60619,5917688.0
230,13556.689,20.5425,2.5052676,7792692.0
231,13516.564,21.2625,2.4459,7169445.0
232,13375.763,21.2025,2.4102774,2181364.0
233,13079.85,19.9725,2.28561,12125943.0
234,13006.38,19.4225,2.344975,7085223.0
235,13041.067,19.25,2.2856126,4221656.0
236,13017.548,19.105,2.3627849,7561080.0
237,13110.617,20.08,2.6358724,12681812.0
238,13184.367,21.3625,2.7783525,10840496.0
239,13047.348,22.7675,2.7783551,4305878.0
240,12967.748,24.17,2.73086,1355983.0
241,12887.547,22.69,2.671495,3398380.0
242,13016.16,21.5775,2.5883799,4996503.0
243,13129.885,23.0525,2.53495,3432069.0
244,13177.13,23.425,2.724925,16351810.0
245,13108.103,22.5,2.7189875,8142216.0
246,12702.8125,23.19,2.5824425,8683346.0
247,12695.5,24.8025,2.6418076,1951858.0
248,12559.078,24.5175,2.6536825,6358803.0
249,12605.07,23.56,2.790225,12488100.0
250,12682.888,22.52,2.831785,5101782.0
251,12640.522,22.67,2.8733401,9681383.0
252,12527.752,21.7925,2.825845,2874095.0
253,12450.308,20.662498,2.7249224,6662004.0
254,12307.311,20.1475,2.653685,8641235.0
255,12301.109,20.244999,2.718985,2928840.0
256,12224.678,21.525,2.6833649,477963.0
257,12201.015,21.17,2.665555,4870170.0
258,12117.13,21.96,2.6418126,2225581.0
259,12128.225,20.7525,2.6536825,1960280.0
260,12077.165,20.4825,2.7011776,7832698.0
261,12221.433,20.225,2.724925,98934136.0
262,12403.705,20.45,2.754605,4364834.0
263,12485.734,21.5025,2.7130525,1212805.0
264,12382.338,22.9825,2.65962,5453411.0
265,12187.77,23.855,2.5527601,7259985.0
266,12113.152,23.2725,2.398405,5522894.0
267,12004.737,22.692501,2.4637074,1878163.0
268,11741.582,22.1225,2.434025,2495093.0
269,11742.49,20.505,2.475585,1080154.0
270,11719.65,20.51,2.5112026,871703.0
271,11858.787,21.48,2.6358726,2440349.0
272,12056.768,22.495,2.7189875,3242569.0
273,11981.5625,24.3925,2.724925,2183470.0
274,11730.452,25.0275,2.8080375,6798866.0
275,11495.27,25.58,2.950515,14715787.0
276,11452.915,26.54,3.0989351,8552801.0
277,11263.803,27.95,3.08706,3760537.0
278,11298.647,30.275,3.027695,4628030.0
279,11226.138,32.5325,3.0217576,3293102.0
280,11274.415,42.265,3.1523623,3928982.0
281,11233.325,40.245,3.2057924,958032.0
282,11225.835,40.05,3.1582975,1676029.0
283,11251.965,42.5175,3.12268,2747761.0
284,11132.168,45.9,3.0811224,3301524.0
285,10982.752,39.440002,3.03363,5434461.0
286,11007.925,36.485,3.05144,4190072.0
287,10977.548,35.1225,3.0455024,3916349.0
288,10794.465,34.8875,3.116745,4385890.0
289,10460.859,32.4575,3.164235,2137147.0
290,10296.202,33.0275,3.0633125,1507584.0
291,10367.383,31.8475,3.1048675,292673.0
292,9513.855,31.84,2.558695,21190396.0
293,9595.975,31.4525,2.6833675,8470684.0
294,9613.355,33.275,2.7783551,4103744.0
295,9344.987,35.45,2.5230775,8599123.0
296,9412.385,35.0225,2.4696474,6519879.0
297,9474.825,32.82,2.54089,5333394.0
298,9349.335,31.355,2.6477475,5238643.0
299,8976.965,34.145,2.6358726,2646694.0
300,9306.949,33.965,2.9148974,7106279.0
301,9336.942,33.7625,2.9386425,2398237.0
302,9473.234,35.2075,2.96833,1671818.0
303,9968.702,31.3325,3.009885,1137005.0
304,10186.383,31.057499,2.9980125,1052782.0
305,10233.607,29.1425,3.045505,6101924.0
306,10044.97,31.0125,3.0870626,1480211.0
307,10207.165,33.6175,3.116745,1899219.0
308,10310.947,33.135002,3.1167426,875915.0
309,10527.978,33.2125,3.12268,1000143.0
310,10436.798,31.572498,3.03363,3438386.0
311,10159.895,30.77,2.9802,2450876.0
312,10149.78,29.8375,2.99801,1831841.0
313,10200.678,29.0475,3.03363,1791835.0
314,9975.583,28.36,3.0395675,2697227.0
315,9867.473,28.205,3.0811224,1250705.0
316,9815.755,30.567501,3.1939201,2280326.0
317,10078.94,27.195,3.3126526,12123838.0
318,10228.418,26.532501,3.4907498,5278649.0
319,10385.203,25.4525,3.5560524,4583813.0
320,10267.745,24.945,3.52637,1056993.0
321,10051.905,24.1125,3.5560524,1488634.0
322,10034.245,24.0775,3.6035476,1337033.0
323,10141.6045,23.53,3.5916724,3187824.0
324,10213.92,24.125,3.532305,3371008.0
325,10308.327,23.779999,3.5501175,4560652.0
326,10436.0,25.1675,3.538245,1016987.0
327,10340.058,25.735,3.4551325,2198209.0
328,10427.498,24.4475,3.4313824,993826.0
329,10612.77,24.83,3.5857348,1225438.0
330,10593.765,22.975,3.5857375,3514186.0
331,10867.05,23.675,3.763835,5817673.0
332,11103.758,23.57,3.6866598,6719908.0
333,11267.82,25.26,3.6629124,4870170.0
334,11335.6455,25.0875,3.799455,4661719.0
335,11305.6,25.11,3.7579024,2111881.0
336,11210.877,25.5875,3.7579026,3192035.0
337,11198.107,24.9175,3.8647625,6131402.0
338,11307.266,24.575,4.019115,7068378.0
339,11327.147,22.880001,4.1319075,4002677.0
340,11132.37,23.1,4.333755,10035118.0
341,11022.795,22.8225,4.2447076,13507193.0
342,11217.763,22.8525,4.2209625,7954821.0
343,11178.998,22.27,4.3456326,4316406.0
344,11275.635,21.8,4.4287453,6099819.0
345,11598.6875,21.3775,4.4702997,5476572.0
346,11798.803,23.14,4.38125,4406945.0
347,11789.957,23.35,4.4821725,9361338.0
348,11779.353,21.83,4.7552576,8521218.0
349,11709.832,20.8375,4.761195,6371437.0
350,11750.853,21.7125,4.73151,4019522.0
351,11680.68,21.7575,4.7077675,5676601.0
352,11458.5625,21.627499,4.6127777,4209022.0
353,11466.955,22.300001,4.6602726,2408765.0
354,11499.877,22.4125,4.6127777,2855145.0
355,11552.55,23.7,4.5296674,3253096.0
356,11559.002,23.1025,4.52373,3819493.0
357,11320.22,23.335001,4.5237303,1269655.0
358,11207.912,22.8175,4.5356026,351629.0
359,11308.265,22.6125,4.45249,2366654.0
360,11383.1,21.105,4.458425,1646551.0
361,11407.095,21.17,4.529665,2036080.0
362,11332.185,22.7375,4.4881124,1427572.0
363,11630.995,21.8325,4.684015,4550124.0
364,11793.262,21.155,4.6009026,3526820.0
365,11744.803,23.87,4.5771575,5830307.0
366,11576.455,25.3525,4.5415373,4775419.0
367,11286.785,26.07,4.3812504,7091540.0
368,11220.635,25.470001,4.3396926,2863567.0
369,11133.473,23.89,4.27439,1600229.0
370,11030.453,22.91,4.14972,4621713.0
371,10997.72,21.95,4.05473,5453411.0
372,10932.54,20.8725,4.155658,5097570.0
373,10999.072,21.7325,4.36344,7289463.0
374,10997.995,22.17,4.4584274,2446665.0
375,10891.443,24.192501,4.3218822,2676172.0
376,10748.8125,23.5,4.3040724,3400486.0
377,10769.107,23.0625,4.3753123,1278077.0
378,10780.675,23.522501,4.3871875,8295922.0
379,10789.058,22.365,4.4465523,3084651.0
380,10893.703,21.66,4.43468,5952429.0
381,10812.075,21.4775,4.3396897,397952.0
382,10739.082,20.49,4.262515,1134899.0
383,10717.362,20.622501,4.2565827,407427.0
384,10603.638,20.605,4.1912775,791692.0
385,10589.515,20.0625,4.2862625,1355983.0
386,10490.275,20.385,4.3931227,6247208.0
387,10477.103,19.630001,4.43468,8222227.0
388,10717.029,20.2075,4.4940476,659042.0
389,10997.73,18.6025,4.4703026,332679.0
390,10945.78,18.965,4.517795,1191749.0
391,10907.623,18.3525,4.482175,971718.0
392,10747.305,18.56,4.4999847,699047.0
393,10800.14,18.435,4.57716,6979945.0
394,10676.293,18.0275,4.6187153,2749867.0
395,10581.902,18.355,4.5830975,1996075.0
396,10583.308,18.205,4.5118575,966454.0
397,10617.945,17.8775,4.5415425,907498.0
398,10559.03,17.29,4.49998,1476000.0
399,10434.925,18.9575,4.511855,760109.0
400,10644.848,19.2025,4.5118575,332679.0
401,10939.115,19.869999,4.5534124,829592.0
402,10982.982,19.807499,4.535605,202134.0
403,11159.775,19.16,4.55935,2532993.0
404,11241.728,19.9975,4.5237303,2234003.0
405,11266.598,19.4525,4.4821725,1061204.0
406,11300.713,18.715,4.5296674,1004354.0
407,11231.1875,19.4825,4.4346776,1882374.0
408,11250.798,19.72,4.280328,3531031.0
409,11251.362,19.904999,4.250645,1198066.0
410,11235.258,18.445,4.2684526,1360194.0
411,11240.635,18.425,4.2328324,2017130.0
412,11086.463,18.682499,4.2565804,570608.0
413,10885.548,18.349998,4.16753,2747761.0
414,10858.57,19.6525,4.155658,2255059.0
415,10836.127,19.76,4.3100076,1546537.0
416,10768.99,20.3375,4.387185,2116092.0
417,10912.603,21.2675,4.3159447,1945541.0
418,11026.365,21.4175,4.22096,3268888.0
419,10945.777,20.86,4.1615925,673780.0
420,10825.518,20.15,4.04286,8807574.0
421,10796.035,20.3625,4.0013027,3469443.0
422,10778.98,22.1375,3.888505,7409480.0
423,10731.138,20.8025,3.7875824,9325543.0
424,10659.95,21.2125,3.9122548,10275152.0
425,10760.766,22.18,4.0191126,2897256.0
426,10678.065,21.4725,4.072545,2295065.0
427,10727.585,19.625,4.125975,1084365.0
428,10755.335,19.21,4.102227,701153.0
429,11012.23,18.9,4.1319075,2404554.0
430,11153.255,17.995,4.2031474,1970808.0
431,11209.692,19.045,4.34563,9590844.0
432,11208.575,19.5475,4.458425,4863853.0
433,11226.1875,20.02,4.4168677,1814996.0
434,11370.585,18.6575,4.4287453,1537062.0
435,11398.678,18.592499,4.3396926,490596.0
436,11411.22,20.34,4.250645,1482317.0
437,11330.85,20.33,4.197212,814853.0
438,11412.678,20.8725,4.197212,200029.0
439,11684.0205,22.085001,4.250645,412691.0
440,11811.647,23.904999,4.197215,1046465.0
441,11755.939,23.09,4.209085,892759.0
442,11710.162,23.6775,4.209085,1203330.0
443,11807.902,24.65,4.1734676,934870.0
444,11824.393,23.807499,4.1912746,732736.0
445,11687.34,23.7175,4.2506423,1539167.0
446,11702.633,24.42,4.2862625,4524857.0
447,11750.545,24.8,4.280328,760109.0
448,11817.67,27.2425,4.262515,564291.0
449,11818.28,25.27,4.244705,530602.0
450,11947.085,24.465,4.2090874,2737233.0
451,11851.782,26.785,4.1615925,1585490.0
452,11759.232,27.7375,4.155655,1073838.0
453,11681.853,27.5975,4.1734676,1528639.0
454,11633.055,26.915,4.173465,1027515.0
455,11578.058,29.45,4.25658,3842654.0
456,11576.348,27.372501,4.262515,1132793.0
457,11474.395,25.474998,4.197212,2065558.0
458,11369.213,26.4025,4.1497173,2124514.0
459,11344.098,28.465,4.1912775,212662.0
460,11344.782,29.5225,4.1794,690625.0
461,11278.505,26.8475,4.179405,313729.0
462,11359.112,28.3625,4.108165,1063310.0
463,11410.045,29.0775,4.0903525,1364405.0
464,11280.258,32.61,4.072542,1225438.0
465,11278.59,34.6175,4.0487947,745370.0
466,11250.545,33.4875,4.0666075,696942.0
467,11149.907,35.835,4.0547323,242140.0
468,11147.498,36.16,4.02505,1214910.0
469,10996.772,35.0125,3.894445,6280897.0
470,10853.968,34.7975,3.5501175,12848152.0
471,10909.498,37.184998,3.514495,5068093.0
472,10748.298,40.5375,3.5798,2088719.0
473,10693.623,43.8425,3.5382426,2469827.0
474,10603.572,44.08,3.50856,435852.0
475,10596.385,40.215,3.5501175,1358089.0
476,10620.78,37.1075,3.538245,1210699.0
477,10408.335,32.575,3.4017,2427715.0
478,10483.4,31.8325,3.4670024,1092788.0
479,10624.26,32.629997,3.56199,1857107.0
480,10487.615,39.9025,3.54418,793798.0
481,10505.355,43.502502,3.6272926,1831841.0
482,10669.965,42.1075,3.8172674,4046894.0
483,10804.178,39.8675,3.8706975,2225581.0
484,10858.373,37.5275,3.7994552,572713.0
485,10784.838,37.1575,3.6688476,5318655.0
486,10583.593,36.1425,3.5619898,2375076.0
487,10604.018,34.065002,3.532305,324257.0
488,10558.652,30.715,3.52637,126334.0
489,10477.718,29.1625,3.467005,852753.0
490,10311.845,29.0575,3.4017,1084365.0
491,10419.678,29.6275,3.4373224,172656.0
492,10338.535,28.885,3.3957648,183184.0
493,10134.707,28.16,3.3304625,846437.0
494,10148.609,28.755001,3.3838875,309518.0
495,10038.0625,30.545,3.3779502,684308.0
496,10016.48,30.0825,3.3601425,256879.0
497,9789.213,32.3375,3.11674,1585490.0
498,9915.505,34.43,3.05144,640091.0
499,10208.19,32.9625,3.110805,1667607.0
500,10212.478,38.545,3.081125,181079.0
501,10232.17,38.3525,3.0276926,1845527.0
502,10011.442,39.265,2.9089599,1469684.0
503,9894.013,36.6375,2.6774275,5833465.0
504,9724.186,37.805,2.546825,4592235.0
505,9930.162,35.53,2.7189875,3507870.0
506,9953.845,34.537502,2.74867,1676029.0
507,10075.025,36.895,2.885215,1779202.0
508,9992.21,37.095,2.8495924,871703.0
509,10038.275,37.3175,2.8021002,800114.0
510,9993.425,36.9325,2.73086,145284.0
511,10182.628,38.2175,2.7902274,591663.0
512,10252.72,40.0475,2.861465,730631.0
513,10235.787,39.465,2.879275,311623.0
514,10400.899,40.225,2.9148974,471646.0
515,10355.75,40.595,2.9327075,627458.0
516,10425.027,38.4225,3.0276923,1127530.0
517,10228.763,35.7425,3.0573776,1552853.0
518,10202.8,40.3775,3.093,484280.0
519,10122.4,35.6875,3.0633125,1414939.0
520,10039.865,35.845,3.0751874,2303487.0
521,10043.162,37.125,3.0751874,781164.0
522,9960.772,39.4,3.027695,1134899.0
523,9818.59,42.07,3.0811224,2455088.0
524,9730.798,41.6275,3.05144,328468.0
525,9773.436,42.0425,3.0573776,2198209.0
526,9688.607,38.4025,3.05144,3183613.0
527,9740.21,35.947502,3.0929952,317940.0
528,9829.14,36.54,3.0276923,2900414.0
529,9900.272,34.22,3.075185,353735.0
530,9882.503,35.5225,3.063315,332679.0
531,9704.59,34.4825,2.9920726,421113.0
532,9556.09,34.05,2.914895,1360194.0
533,9652.022,34.25,3.02176,406374.0
534,9477.6,34.2125,2.92677,758003.0
535,9453.625,34.0175,2.9564524,894865.0
536,9284.373,33.495,2.920835,591663.0
537,9288.0,31.654999,2.9089599,964348.0
538,9179.96,30.9575,2.8852124,353735.0
539,9102.532,32.215,2.8674026,764320.0
540,9253.78,31.755001,2.9089599,322151.0
541,9311.785,30.9925,2.9089599,263196.0
542,9086.008,30.2975,2.9030225,468142.0
543,9160.27,31.0975,2.9802,305307.0
544,9015.197,31.482498,2.9208326,690625.0
545,9019.615,31.3625,2.9089599,252668.0
546,8889.135,29.9825,2.8970876,191606.0
547,8940.082,30.994999,2.8733375,2786714.0
548,8946.484,30.655,2.92677,349524.0
549,8825.745,31.2125,2.89115,1589701.0
550,8944.07,29.192501,2.8021,627563.0
551,9242.433,27.285,2.8911476,223190.0
552,9476.525,27.5775,2.974265,515863.0
553,9526.465,26.06,3.039565,1265444.0
554,9675.623,24.1425,3.288905,3710004.0
555,9588.545,23.605,3.2889051,677992.0
556,9586.835,24.2575,3.2710927,646408.0
557,9676.37,25.31,3.2889051,2759342.0
558,9769.617,25.9475,3.36608,2438243.0
559,9705.442,27.285,3.4313824,1446522.0
560,9794.303,27.925,3.538245,3728954.0
561,9718.42,28.0,3.58574,1541273.0
562,9591.207,28.95,3.478875,2229792.0
563,9523.752,29.765,3.567925,848542.0
564,9439.768,29.7325,3.5204349,1433889.0
565,9653.43,30.51,3.6154175,4177439.0
566,9691.475,29.585,3.6747875,3884766.0
567,9784.01,28.307499,3.6391675,1454945.0
568,9800.702,27.657501,3.5501175,1021199.0
569,9747.383,28.105,3.5619898,288462.0
570,9627.053,27.25,3.538245,208451.0
571,9579.21,26.4075,3.57386,162128.0
572,9610.47,27.855,3.514495,1382303.0
573,9708.835,29.2975,3.532305,393740.0
574,9798.838,27.66,3.5857348,705364.0
575,9940.885,26.8425,3.556055,581136.0
576,9925.314,26.52,3.5857348,1299133.0
577,9970.668,26.855,3.550115,58956.0
578,10038.842,28.689999,3.63323,1831841.0
579,10086.133,30.1525,3.6332326,1025410.0
580,10069.987,28.98,3.63323,1454945.0
581,10020.543,27.0475,3.6154199,1067521.0
582,9945.775,25.115,3.5857348,482174.0
583,10122.468,24.985,3.603545,3714215.0
584,10210.34,24.5175,3.603545,2463510.0
585,10046.045,24.445,3.6035476,890654.0
586,9996.067,25.0025,3.6154199,236484.0
587,9945.955,24.7625,3.5619898,391635.0
588,9919.53,25.305,3.5501199,397952.0
589,9813.578,25.105,3.5916724,200029.0
590,9821.415,25.5725,3.514495,373346.0
591,9814.035,27.192501,3.5738626,828931.0
592,9730.555,28.505001,3.5798001,185290.0
593,9651.665,28.1975,3.5857348,572713.0
594,9743.16,30.21,3.5323076,1444417.0
595,9596.59,34.075,3.5679274,1288474.0
596,9542.697,33.16,3.6154199,724314.0
597,9559.728,32.0,3.627295,1046465.0
598,9601.21,31.215,3.7104075,1530745.0
599,9574.032,31.1475,3.7816474,2461404.0
600,9491.1,32.75,3.8172674,1099104.0
601,9306.4,33.684998,3.7579,905393.0
602,9310.965,33.7025,3.763835,288462.0
603,9343.01,33.3875,3.6747875,172656.0
604,9553.402,34.0775,3.72228,246351.0
605,9628.933,34.305,3.7044675,751686.0
606,9666.567,33.18,3.835075,7660042.0
607,9681.423,31.615,3.9478724,5367083.0
608,9644.595,31.3325,4.0131774,2617216.0
609,9725.133,31.065,4.0191126,1016987.0
610,9793.189,30.76,4.0013027,1320189.0
611,9808.393,31.8025,4.167533,6066130.0
612,9845.263,32.2775,4.23877,4882803.0
613,9773.08,32.005,4.120037,2358232.0
614,9668.953,31.1525,4.0666103,286357.0
615,9541.372,29.592499,4.05473,334785.0
616,9567.518,30.11,4.143785,3007798.0
617,9520.77,31.46,4.197215,1387567.0
618,9554.683,30.835,4.197212,1692873.0
619,9502.617,31.157501,4.2090874,2025553.0
620,9301.388,31.8425,4.06067,1886585.0
621,9287.115,33.4025,4.02505,1772885.0
622,9249.686,33.4125,4.10816,1301870.0
623,9239.07,33.73,4.1734676,3021484.0
624,9280.053,31.9725,4.250645,1960280.0
625,9197.585,30.9225,4.16753,3305735.0
626,9146.008,31.075,4.1734676,4337462.0
627,9121.675,31.165,4.18534,5047037.0
628,9182.75,29.055,4.1615925,1556012.0
629,9217.095,30.5625,4.125975,892759.0
630,9245.545,29.567501,4.0784802,2212948.0
631,9218.245,28.3825,4.0250473,2730917.0
632,9211.9375,28.405,3.924125,2663538.0
633,9349.96,27.9475,3.912255,2684594.0
634,9381.186,29.47,3.965685,878020.0
635,9435.537,28.925,3.9775574,612719.0
636,9411.93,27.772501,3.9597476,629564.0
637,9302.027,28.1275,3.91819,275829.0
638,9271.755,28.9675,3.983495,1012776.0
639,9136.5625,28.462502,4.0250525,945398.0
640,9133.475,27.45,3.9953673,824328.0
641,9103.096,26.8875,4.0369253,1433889.0
642,9141.567,26.29,4.06067,1307555.0
643,9216.99,24.5925,4.07848,8262233.0
644,9203.047,24.14,4.09629,77906.0
645,9102.157,22.915,3.9894276,1301239.0
646,9028.822,22.455,3.787585,2128725.0
647,8908.766,21.83,3.65104,3857393.0
648,8869.811,21.9175,3.7460275,1450734.0
649,8813.662,21.1625,3.66885,5434461.0
650,8860.113,20.8525,3.627295,2219264.0
651,8818.2,20.735,3.6154199,3669998.0
652,8965.555,20.64,3.656975,663253.0
653,8850.42,20.835,3.6094825,728525.0
654,9016.808,20.8025,3.74009,2362443.0
655,9060.689,21.17,3.858825,642197.0
656,9211.912,21.6475,3.7994552,932765.0
657,9193.408,20.9425,3.7875824,936976.0
658,9168.377,21.305,3.8528874,2021341.0
659,9041.05,20.8875,3.7757125,1286500.0
660,9066.715,21.2425,3.6866624,650619.0
661,8944.683,21.315,3.79352,1488634.0
662,8858.343,20.282501,3.7875824,690625.0
663,8683.192,19.7225,3.7638376,271618.0
664,8570.973,19.705,3.734155,728525.0
665,8639.86,20.032501,3.7222776,294779.0
666,8707.811,19.45,3.7400925,1770779.0
667,8750.197,18.83,3.7163448,619036.0
668,8882.34,20.035,3.70447,827487.0
669,8846.408,20.94,3.7163448,416902.0
670,8683.9,21.4575,3.680725,419007.0
671,8607.775,20.3325,3.7104075,593769.0
672,8621.695,19.615,3.7163424,482174.0
673,8555.793,20.27,3.6925974,288462.0
674,8605.45,19.990002,3.7104075,193712.0
675,8660.865,20.1375,3.692595,153706.0
676,8585.303,19.6425,3.698535,391635.0
677,8539.298,20.755001,3.698535,656936.0
678,8577.393,21.06,3.68666,250562.0
679,8454.57,20.815,3.5738626,1829735.0
680,8380.772,22.32,3.5738626,926448.0
681,8399.513,21.255001,3.514495,3457336.0
682,8664.317,20.41,3.556055,975929.0
683,8738.165,20.645,3.5857348,671675.0
684,8760.195,20.75,3.62136,92645.0
685,8903.055,20.16,3.61542,1511795.0
686,8902.045,20.02,3.5916724,351629.0
687,8908.105,19.7825,3.591675,381107.0
688,8987.643,20.4725,3.514495,1558117.0
689,9170.093,20.5425,3.4610674,1393883.0
690,9140.415,20.92,3.3601425,4209022.0
691,9131.425,19.865,3.4017024,3493131.0
692,9104.16,19.2675,3.4076374,240034.0
693,9121.064,19.4175,3.3482723,1477053.0
694,9074.612,20.01,3.31265,835909.0
695,9018.328,19.045,3.4373226,1073838.0
696,9059.067,19.3275,3.56199,2059242.0
697,9087.692,20.0525,3.7163424,5223904.0
698,9260.915,19.715,3.7341526,1351772.0
699,9455.638,19.2475,3.7757125,855912.0
700,9454.748,19.25,3.7400875,2440349.0
701,9528.197,18.592499,3.70447,42111.0
702,9525.037,19.21,3.68666,1671818.0
703,9497.215,19.64,3.7104075,1210699.0
704,9611.748,19.82,3.7816474,825381.0
705,9635.745,20.0675,3.7875824,5049142.0
706,9708.492,19.995,3.7460275,4737519.0
707,9680.234,19.5475,3.68666,3034118.0
708,9706.705,19.07,3.74009,1233861.0
709,9671.595,18.375,3.6985326,2236109.0
710,9709.338,18.22,3.603545,1558117.0
711,9727.662,18.515,3.538245,3428911.0
712,9785.832,18.7725,3.7104075,4973342.0
713,9846.686,18.8725,3.751965,1250705.0
714,10018.647,19.0625,3.6747875,1019093.0
715,10007.885,20.41,3.5857375,2366654.0
716,9978.221,21.885,3.6035476,1562855.0
717,9913.625,22.0825,3.573865,591663.0
718,9829.17,22.5325,3.5797975,1039096.0
719,9643.56,20.895,3.603545,2052925.0
720,9635.668,19.765,3.72228,1659184.0
721,9574.7,19.9025,3.7282152,267407.0
722,9652.232,18.5875,3.6807199,1772885.0
723,9594.4375,18.529999,3.6035476,1419150.0
724,9594.695,18.5025,3.54418,1785518.0
725,9658.572,18.44,3.6154225,1781307.0
726,9626.367,18.005001,3.7341552,6398809.0
727,9779.895,18.0075,3.763835,1393883.0
728,10018.385,17.825,3.7875826,1052782.0
729,10030.755,18.162498,3.716345,1463367.0
730,10004.37,19.442501,3.66885,4206917.0
731,9896.308,19.7525,3.6629124,4716463.0
732,10054.027,19.515,3.82914,13874614.0
733,10127.297,18.9025,4.07848,12539476.0
734,10163.445,18.6075,4.191275,8283289.0
735,10116.895,19.2775,4.0844173,1814996.0
736,10080.287,19.385,4.0547323,1000143.0
737,10144.125,19.1575,4.06067,505335.0
738,10022.203,18.4125,3.9953673,2724600.0
739,9961.867,18.35,3.9597476,2402449.0
740,9933.167,18.73,3.9597476,3257308.0
741,9910.325,19.67,3.924125,1177010.0
742,10090.537,19.5825,3.9775574,2187681.0
743,10170.24,19.6075,3.977555,2476143.0
744,10141.01,19.157501,3.9894276,3192035.0
745,10118.645,18.465,4.0013022,4225867.0
746,10227.292,18.1,4.0487976,2461404.0
747,10208.9,17.855,4.143785,3427016.0
748,10230.383,17.6875,4.20315,1886585.0
749,10030.77,19.4475,4.16753,1867635.0
750,9976.445,19.664999,4.1022277,1406517.0
751,9973.498,20.3625,4.2090874,2474038.0
752,10039.093,21.67,4.3990574,5703973.0
753,10150.38,22.2725,4.476235,724314.0
754,10299.275,22.2525,4.464365,1661290.0
755,10346.067,22.5125,4.4228077,736947.0
756,10399.68,21.9225,4.46436,882231.0
757,10483.532,21.0475,4.422805,816959.0
758,10543.41,19.62,4.34563,2893045.0
759,10490.383,20.085001,4.292197,1985547.0
760,10565.923,19.7725,4.2981377,3543664.0
761,10704.655,19.282501,4.3515673,2768817.0
762,10765.495,18.7175,4.34563,1139110.0
763,10711.837,18.6775,4.2328324,819064.0
764,10721.348,17.625,4.155658,2581421.0
765,10725.0205,17.44,4.07848,2768817.0
766,10865.21,17.59,4.0725427,3604726.0
767,10945.138,17.42,4.084415,2132936.0
768,10931.811,17.3525,4.0666075,934870.0
769,11058.543,17.497501,4.084415,2246637.0
770,11135.69,16.7825,4.1319127,4967025.0
771,11159.635,17.4625,4.054735,8167483.0
772,11136.425,18.045,3.995365,4699619.0
773,11134.535,18.0775,3.91819,4521699.0
774,10872.808,17.985,3.82914,3928982.0
775,10824.157,17.317501,4.001305,5084937.0
776,10956.445,16.285,4.07848,3933194.0
777,10982.103,16.0475,4.0487976,2448771.0
778,11142.853,16.45,4.072545,2665644.0
779,11072.067,16.5875,4.0250525,568502.0
780,11073.218,16.93,4.04286,4636452.0
781,10906.5,16.9325,4.0962925,5194426.0
782,10915.553,16.7475,4.0784802,1083313.0
783,11152.928,17.705,4.1259723,3562493.0
784,11308.65,17.9275,4.22096,2859356.0
785,11288.253,17.2325,4.250645,896970.0
786,11189.435,16.77,4.2447076,566397.0
787,11244.963,16.685,4.34563,2579211.0
788,11459.905,18.5375,4.4049973,871703.0
789,11596.077,19.025,4.31595,888548.0
790,11751.058,19.16,4.179405,4619607.0
791,11698.641,19.07,4.04286,3556298.0
792,11752.34,18.130001,4.066605,1284394.0
793,11773.473,17.095,4.0428576,2411187.0
794,11917.422,16.405,4.1259727,2684594.0
795,11935.96,16.4025,4.185343,985404.0
796,11955.232,16.6775,4.197215,3429648.0
797,11974.41,16.555,4.2447076,2503516.0
798,12031.577,16.29,4.3337574,2907784.0
799,12029.811,16.475,4.375315,3846865.0
800,12062.127,16.9175,4.3753123,5280755.0
801,12224.87,17.05,4.476235,6537776.0
802,12240.57,17.154999,4.7730675,15320084.0
803,11882.092,17.845001,4.7552576,5074409.0
804,11726.638,17.285,4.7849374,5082831.0
805,11745.242,16.4175,5.0224075,3240463.0
806,11975.912,16.56,4.8917975,2103458.0
807,12211.748,16.6375,4.8799276,2244531.0
808,12134.32,15.8725,4.7136974,1562328.0
809,12150.387,15.65,4.773065,3846865.0
810,12310.968,16.4,4.8205576,2128725.0
811,12472.032,16.98,4.7137,656936.0
812,12408.035,16.875,4.7255726,1762357.0
813,12233.082,16.58,4.743385,2642483.0
814,12201.485,17.0825,4.60684,899076.0
815,12183.207,17.4575,4.3812504,2326648.0
816,12016.695,17.5425,4.286265,1798152.0
817,11981.355,18.0175,4.1259727,8820208.0
818,12165.45,18.1,4.0903525,6207203.0
819,12213.617,17.9675,4.102225,3910032.0
820,11967.442,17.0625,4.1437826,1345455.0
821,11968.1,16.1175,4.102227,747475.0
822,11855.827,15.5075,4.030985,534813.0
823,11882.01,16.3375,4.06067,480069.0
824,11764.992,17.0975,4.0369253,1286500.0
825,11846.705,17.375,4.09629,210556.0
826,12013.285,16.935,4.0784774,2728811.0
827,12035.117,16.3575,4.0725427,324257.0
828,12074.76,15.184999,4.155658,3284680.0
829,12214.433,15.55,4.18534,2320332.0
830,12387.697,14.96,4.155658,5324971.0
831,12470.285,14.4475,4.0903525,4425896.0
832,12390.46,14.795,3.9656825,7611614.0
833,12352.46,15.1575,4.00724,4743836.0
834,12306.923,15.202499,4.001305,4689091.0
835,12182.561,16.125,3.9359999,3467864.0
836,12321.23,17.1175,3.9419374,1265444.0
837,12364.638,16.77,4.137845,19697552.0
838,12456.63,17.1975,4.339695,2486671.0
839,12616.603,17.395,4.321885,4969131.0
840,12617.595,17.807499,4.250643,8215911.0
841,12321.043,17.8025,4.13191,5375505.0
842,12239.288,16.84,4.0962925,2471932.0
843,12234.918,16.4675,4.066605,3608937.0
844,12375.152,16.2375,3.947875,30358270.0
845,12453.707,15.6775,3.823205,4838586.0
846,12474.265,15.405,3.852885,4570864.0
847,12469.83,15.3975,3.7994576,2248742.0
848,12427.745,15.575,3.656975,4253239.0
849,12558.963,16.065,3.7579,7457908.0
850,12566.723,16.455,3.7638373,1244388.0
851,12736.635,15.372499,3.781645,3419436.0
852,12905.605,15.0425,3.74009,2566683.0
853,13051.0,14.2300005,3.728215,7780059.0
854,13148.155,14.7,3.8053925,7954821.0
855,13176.777,14.63,3.82914,3022011.0
856,13337.615,14.755,3.8172674,4514856.0
857,13336.442,14.385,3.7638373,3135185.0
858,13347.55,14.485,3.6985326,2377182.0
859,13322.683,15.247499,3.68666,2600372.0
860,13292.54,16.1175,3.621355,1962386.0
861,13206.24,17.400002,3.6391675,3107812.0
862,13197.97,19.45,3.556055,1871846.0
863,13425.862,19.095,3.5619874,4484851.0
864,13697.567,20.09,3.6451051,3004640.0
865,13728.665,18.6225,3.7460275,4697513.0
866,13707.7295,18.5675,3.86476,7723209.0
867,13542.595,21.3675,3.8588223,3185012.0
868,13267.558,20.7675,3.751965,4548018.0
869,13295.893,20.0825,3.995365,12982908.0
870,13075.55,18.6625,3.95381,12839729.0
871,12995.939,17.605,3.8113325,7765320.0
872,13087.353,16.7675,3.74009,6238786.0
873,13048.418,16.4725,3.68666,3918455.0
874,13192.723,16.564999,3.7579,6182989.0
875,13509.34,16.8275,3.81133,4646980.0
876,13546.897,15.6525,3.8350775,1804468.0
877,13563.875,15.6475,3.82914,1869741.0
878,13642.91,15.3175,3.8053925,2385604.0
879,13649.4375,15.717501,3.8232026,5455516.0
880,13782.52,15.75,3.8291426,1638129.0
881,13817.825,15.5275,3.823205,7146284.0
882,13935.258,16.455,3.8885076,8274867.0
883,13873.035,16.555,4.0369253,15033727.0
884,13873.492,15.940001,4.07848,4937548.0
885,13789.415,15.247499,3.9953675,2452982.0
886,13770.548,15.639999,4.1140976,10401486.0
887,13685.915,15.855,4.25658,5440071.0
888,13652.348,16.175001,4.27439,3899505.0
889,13809.695,15.085,4.357505,4779630.0
890,13973.697,14.22,4.50592,5055459.0
891,13812.582,14.7825,4.5237303,4708041.0
892,13498.195,14.915,4.5712223,3375219.0
893,13463.449,15.9825,4.66621,7537919.0
894,13447.985,16.525,4.7255726,4133222.0
895,13585.657,16.7075,4.6127777,7251562.0
896,13461.68,17.16,4.39906,5457622.0
897,13241.85,16.6125,4.3159475,2347704.0
898,13020.077,16.0975,4.2506423,1577067.0
899,12851.285,16.905,4.0725427,2655116.0
900,12977.561,17.49,4.2328324,640091.0
901,12872.975,19.6,4.120035,557974.0
902,12961.832,18.755001,4.1081624,1330716.0
903,12904.815,18.869999,4.12004,2722494.0
904,12787.585,18.6325,3.9775574,7748476.0
905,12576.27,18.615,3.8291402,1476000.0
906,12528.975,19.94,3.823205,1556012.0
907,12652.28,19.442501,3.86476,2850934.0
908,12548.077,18.48,3.94787,3027801.0
909,12563.1875,18.7675,4.0013027,2128725.0
910,12456.725,18.49,3.9656825,943293.0
911,12590.699,18.4125,4.0072374,2242426.0
912,12677.277,17.13,3.924125,503230.0
913,12666.77,16.035,3.9300625,1031726.0
914,12725.527,15.5175,3.97162,1271761.0
915,12887.067,16.5125,4.02505,1232808.0
916,12911.567,16.195,4.14972,673780.0
917,12916.758,16.665,4.1734653,406374.0
918,13046.925,15.42,4.084415,568502.0
919,12784.633,14.9925,3.90038,1228597.0
920,12535.842,15.16,3.8350775,1471789.0
921,12448.702,15.877501,3.78758,791692.0
922,12421.258,15.115,3.8053925,1391778.0
923,12437.268,14.83,3.7400925,943293.0
924,12251.048,15.1975,3.6925974,1137005.0
925,12203.453,14.872499,3.6747875,195817.0
926,12327.595,15.3625,3.8053925,888548.0
927,12209.508,14.925,3.823205,1530745.0
928,12151.76,14.2875,3.77571,446380.0
929,12175.713,14.5825,3.746025,366368.0
930,11978.811,14.9325,3.5323074,1257022.0
931,11921.245,15.6675,3.45513,1362300.0
932,11917.037,15.547501,3.56199,218979.0
933,12057.49,14.8975,3.6094825,1665501.0
934,12010.298,14.98,3.5976074,120017.0
935,12019.975,15.139999,3.550115,827487.0
936,11901.06,16.345,3.4670024,1088577.0
937,11585.6875,16.0575,3.37202,1035937.0
938,11447.737,15.9800005,3.235475,383213.0
939,11569.17,15.8825,3.4017,585347.0
940,11446.33,15.1075,3.241415,237929.0
941,11348.832,14.67,3.0514374,2646694.0
942,11089.455,14.6475,2.9327075,911709.0
943,11054.947,14.245,3.01582,732736.0
944,11350.605,14.285,3.0751874,4752258.0
945,11371.442,15.2575,3.0395675,1596018.0
946,11465.638,14.8125,3.1464274,1728668.0
947,11624.58,15.195,3.27703,734842.0
948,11630.58,16.1975,3.3363976,1975019.0
949,11930.38,17.3575,3.47294,2248742.0
950,12107.07,16.8575,3.502625,3187824.0
951,12117.487,16.5675,3.4788775,75800.0
952,12151.99,15.805,3.4551299,263196.0
953,12143.907,15.5825,3.52637,1494950.0
954,12052.84,15.8975,3.3957675,1067521.0
955,11982.87,15.73,3.3007774,1996075.0
956,12295.067,16.252499,3.33046,2183470.0
957,12384.867,17.2725,3.3542051,2613005.0
958,12351.6455,18.8525,3.3542075,2341387.0
959,12350.268,19.365,3.41951,1991864.0
960,12403.242,18.095,3.4670024,867492.0
961,12274.768,18.130001,3.5144975,7702153.0
962,12064.4375,18.8375,3.496685,1577067.0
963,12190.893,18.5275,3.52637,1804468.0
964,12114.245,18.3875,3.43732,1739196.0
965,11891.275,16.76,3.199855,1263338.0
966,11906.053,16.865,3.2117276,2143464.0
967,11854.08,16.4525,3.1998575,787481.0
968,12042.359,16.265,3.1404924,3579459.0
969,12155.817,15.525,3.1761076,1153849.0
970,12164.895,15.2375,3.2532876,1585490.0
971,12128.162,15.0275,3.2473476,1357036.0
972,12253.147,14.8275,3.2770324,3750009.0
973,12142.572,15.515,3.2473476,3072018.0
974,12200.112,15.1025,3.205795,859070.0
975,12276.298,14.62,3.235475,1130688.0
976,12251.152,14.11,3.2414126,1010671.0
977,12218.827,14.315001,3.2592225,1833946.0
978,12172.72,14.1025,3.2354774,516811.0
979,12214.16,14.059999,3.253285,117912.0
980,12118.627,13.8949995,3.265155,183184.0
981,12010.982,13.4375,3.1701725,673780.0
982,11928.07,13.6125,3.1404877,1322294.0
983,11974.918,14.217501,3.164235,557974.0
984,12113.143,14.4025,3.1939225,1547590.0
985,12102.897,14.125,3.1879826,1056993.0
986,12322.67,14.42,3.2295399,3358375.0
987,12301.503,14.75,3.1879826,998037.0
988,12328.247,14.8175,3.152365,901181.0
989,12275.84,14.835,3.063315,1808679.0
990,12295.9375,14.5575,3.03363,1772885.0
991,12343.183,14.78,3.021755,2255059.0
992,12204.404,14.2725,2.9980075,1364405.0
993,12274.357,13.66,3.063315,5546056.0
994,12200.902,13.425,3.045505,1867635.0
995,12366.872,12.8925,3.0395675,1275972.0
996,12261.668,13.225,3.0158174,3642626.0
997,12411.359,13.79,3.01582,425324.0
998,12444.192,13.6575,3.0098825,465330.0
999,12459.47,13.952499,3.0455024,1240177.0
1000,12433.67,14.7625,3.0573776,6377753.0
1001,12406.838,14.7375,3.0573776,1090682.0
1002,12364.665,15.215,3.0098825,381107.0
1003,12338.365,14.7225,2.95052,835909.0
1004,12257.522,15.8575,2.95645,2484566.0
1005,12268.738,15.6325,2.9089625,1294922.0
1006,12225.457,15.4175,2.89115,505335.0
1007,12352.975,15.5225,2.9861376,1115949.0
1008,12368.547,15.16,3.01582,33689.0
1009,12420.84,14.747499,2.9801974,541130.0
1010,12534.405,14.8975,2.9861376,774848.0
1011,12736.547,16.345,3.0217576,981193.0
1012,12785.525,16.4875,3.03957,1749724.0
1013,12811.65,16.0975,3.0217576,488491.0
1014,12846.91,15.705,3.021755,1644445.0
1015,12848.68,15.837501,3.039565,652725.0
1016,12978.68,16.41,3.0217576,1069627.0
1017,13023.518,15.925,2.99207,267407.0
1018,13004.607,14.515,2.9801998,206345.0
1019,13029.77,13.6925,3.0098848,1103316.0
1020,13110.862,13.71,3.05144,15429573.0
1021,13103.952,14.0175,3.2295375,20537672.0
1022,12987.178,13.3375,3.29484,3274152.0
1023,12955.638,13.135,3.318585,1522323.0
1024,13105.397,12.9775,3.2889051,562186.0
1025,13139.578,13.2725,3.3245225,4554335.0
1026,13086.84,13.685,3.3542051,1347561.0
1027,13130.547,13.372499,3.342335,1787624.0
1028,13226.668,13.1425,3.567925,6230364.0
1029,13228.835,13.1125,3.6451025,1764463.0
1030,13245.795,13.2225,3.6629124,1810785.0
1031,13302.09,13.3325,3.5976124,1787624.0
1032,13235.303,12.7325,3.4966874,307412.0
1033,13147.895,12.6875,3.484815,812748.0
1034,13012.84,12.7575,3.50856,364263.0
1035,12933.897,13.2275,3.52637,1195960.0
1036,13096.03,12.99,3.7222774,5179687.0
1037,13358.168,12.860001,3.7460275,671675.0
1038,13342.252,13.1175,3.680725,317940.0
1039,13330.064,13.36,3.7341526,1804468.0
1040,13314.61,13.3925,3.7578976,949609.0
1041,13274.867,13.22,3.6510425,1084365.0
1042,13256.515,12.91,3.6272924,1928697.0
1043,13242.26,12.4125,3.7460275,1303344.0
1044,13202.23,12.615,3.627295,330574.0
1045,13027.805,12.4675,3.5323076,450591.0
1046,13047.103,12.29,3.52637,454802.0
1047,13047.186,12.2275,3.5501175,105278.0
1048,13115.189,12.05,3.5797975,840120.0
1049,13036.008,11.675,3.56199,368474.0
1050,12998.923,11.4875,3.573865,379002.0
1051,12806.088,11.84,3.4966874,2078192.0
1052,12842.925,12.155,3.4491925,808537.0
1053,12868.66,11.657499,3.3542075,4678563.0
1054,13050.367,12.4,3.2829676,5280755.0
1055,13051.348,12.855,3.3423326,5521836.0
1056,13060.013,13.7375,3.3007774,4282717.0
1057,13235.518,14.0925,3.26516,911709.0
1058,13352.84,13.855,3.2532876,1724457.0
1059,13415.14,13.7725,3.33046,2865673.0
1060,13497.721,13.3525,3.31265,1122266.0
1061,13533.822,13.505,3.3007774,1688662.0
1062,13531.103,13.34,3.2889051,2535099.0
1063,13609.635,13.245,3.2651625,5127048.0
1064,13638.415,12.6925,3.3185875,12782879.0
1065,13776.09,12.555,3.29484,7179973.0
1066,13919.516,12.7625,3.28297,4872275.0
1067,13831.527,12.8175,3.2473476,4428001.0
1068,13810.317,13.6475,3.26516,2924628.0
1069,13830.275,13.9925,3.2651575,1553906.0
1070,13815.755,14.4875,3.253285,3269941.0
1071,13720.172,14.16,3.1998575,4699619.0
1072,13916.353,13.545,3.17611,2794083.0
1073,14008.072,13.3175,3.17611,2448771.0
1074,13964.588,13.195,3.14049,6702010.0
1075,13920.607,13.2175,3.164235,2659327.0
1076,14033.1875,12.467501,3.2295399,2269798.0
1077,14068.232,11.8125,3.2889051,2901467.0
1078,14067.005,11.915,3.2889075,1665501.0
1079,14284.75,11.5125,3.2592225,1341244.0
1080,14227.037,11.5925,3.2354774,924343.0
1081,14241.518,11.595,3.2236052,421113.0
1082,14233.42,11.7375,3.205795,745370.0
1083,14094.3125,11.715,3.1701725,1244388.0
1084,13997.968,11.535,3.12268,1021199.0
1085,13940.367,11.46,3.08706,1181221.0
1086,13857.078,11.4325,3.0217576,553763.0
1087,14004.607,11.2575,3.0158224,1347561.0
1088,14065.692,11.535,3.057375,501124.0
1089,14060.92,11.6175,3.0276923,2377182.0
1090,13985.94,12.6525,2.99801,1844474.0
1091,14100.285,12.6425,3.03363,1391778.0
1092,14202.96,12.0175,3.0217574,1187538.0
1093,14175.103,11.485,2.9861374,793798.0
1094,14197.482,12.05,3.0039449,614825.0
1095,14204.803,11.9375,3.0039475,741159.0
1096,14169.072,12.6275,2.9802024,947504.0
1097,14275.94,12.2175,3.0039475,307412.0
1098,14222.3,12.3175,2.9861374,456907.0
1099,14207.963,12.2275,3.01582,233718.0
1100,14217.672,12.4625,3.05144,332679.0
1101,14108.53,12.625,3.0633125,1016987.0
1102,13838.522,12.545,3.009885,705364.0
1103,13723.135,12.639999,2.938645,273723.0
1104,13611.867,12.785,2.9742649,720103.0
1105,13536.314,13.4475,3.021755,1229649.0
1106,13555.824,13.3525,3.0276952,661147.0
1107,13484.967,13.385,3.039565,614825.0
1108,13576.98,13.635,3.0989325,745370.0
1109,13499.522,13.865,3.063315,1128582.0
1110,13578.902,14.360001,3.0276952,225295.0
1111,13584.532,13.5325,3.01582,1383356.0
1112,13649.98,13.8025,3.01582,1122266.0
1113,13545.205,14.127501,3.00395,492702.0
1114,13482.025,14.055,2.9505174,686414.0
1115,13410.133,13.85,2.932705,153706.0
1116,13478.5,13.7575,2.9148974,743264.0
1117,13608.34,14.34,2.920835,206345.0
1118,13653.135,13.8875,3.02769,1604440.0
1119,13630.758,13.3875,3.0276952,1101210.0
1120,13672.743,12.627501,3.045505,2415082.0
1121,13637.9375,12.2125,3.24735,9420293.0
1122,13547.93,12.0875,3.3482726,4474324.0
1123,13521.053,11.8625,3.3363976,1048571.0
1124,13543.74,12.425,3.31265,1471789.0
1125,13777.505,13.8,3.3126476,1368617.0
1126,13826.127,16.355,3.3245225,7190501.0
1127,14002.793,17.4725,3.300775,326362.0
1128,14020.527,15.255,3.26516,3059384.0
1129,14013.075,15.8875,3.2354774,2017130.0
1130,13991.55,15.2775,3.2414126,793798.0
1131,14003.535,15.11,3.24735,1907641.0
1132,14085.925,14.995,3.26516,633775.0
1133,14081.675,14.65,3.3185875,3307841.0
1134,13940.99,14.9625,3.2889051,656936.0
1135,14012.15,15.5275,3.2770324,730631.0
1136,14142.715,15.81,3.28297,840120.0
1137,14203.633,15.415,3.24735,1503373.0
1138,14033.2,14.889999,3.271095,2482460.0
1139,13943.713,14.3425,3.2651577,1092788.0
1140,13850.923,14.1775,3.24735,385318.0
1141,13812.902,13.627501,3.2532876,288462.0
1142,13805.915,13.9875,3.2473526,461519.0
1143,13817.615,14.525,3.253285,972771.0
1144,13931.14,14.8125,3.26516,263196.0
1145,13820.957,15.235001,3.2532876,389529.0
1146,13860.383,16.325,3.241415,391635.0
1147,13872.787,16.272501,3.2354774,557974.0
1148,13838.487,15.287499,3.182045,913815.0
1149,13756.915,13.7925,3.20579,595875.0
1150,13774.843,13.485001,3.2414126,1789729.0
1151,13845.0625,13.3775,3.2532876,760109.0
1152,13827.303,13.1325,3.26516,541130.0
1153,13789.457,12.91,3.182045,410585.0
1154,13603.777,12.775,3.0039449,3859499.0
1155,13587.465,12.125,2.903025,3303630.0
1156,13474.247,12.175,2.8436575,4282717.0
1157,13411.883,13.025,2.7249227,6351434.0
1158,13517.723,12.8025,2.6655576,4619607.0
1159,13475.81,12.1050005,2.6893024,1096999.0
1160,13492.51,11.985,2.754605,1817102.0
1161,13554.365,12.5425,2.8080375,3575248.0
1162,13591.51,12.127501,2.88521,2459299.0
1163,13665.213,12.4075,2.9030225,1311766.0
1164,13637.092,12.475,2.879275,2242426.0
1165,13655.013,12.105,2.903025,774848.0
1166,13742.303,11.8,2.8911524,882231.0
1167,13752.48,11.745,2.8970876,1728668.0
1168,13640.848,11.422501,2.861465,482174.0
1169,13374.838,11.1975,2.796165,3107812.0
1170,13451.48,11.1825,2.8674026,606402.0
1171,13523.235,11.955,2.861465,707470.0
1172,13511.65,11.32,2.83772,760109.0
1173,13688.77,11.0325,2.808035,176867.0
1174,13752.125,11.6025,2.8317826,195817.0
1175,13816.91,12.18,2.7783551,1528639.0
1176,13829.872,12.6025,2.7902274,1092788.0
1177,13873.324,11.9375,2.8021,229506.0
1178,13863.175,11.6325,2.790225,16845.0
1179,13934.05,11.84,2.7546048,461119.0
1180,13950.678,11.6125,2.7783551,231612.0
1181,14062.713,12.0075,2.825845,132651.0
1182,14043.793,11.9525,2.84959,1208594.0
1183,14066.683,13.2,2.83772,360051.0
1184,14054.843,11.7675,2.83772,69484.0
1185,13941.995,11.045,2.796165,138967.0
1186,13962.412,11.05,2.9505177,524285.0
1187,13884.3125,11.0425,2.92677,705364.0
1188,13754.607,10.8275,2.9089599,410585.0
1189,13633.4375,10.4925,2.8080375,728525.0
1190,13692.213,10.93,2.8021,2106.0
1191,13699.933,10.5575,2.7724175,1048571.0
1192,13697.885,10.4625,2.73086,52639.0
1193,13706.487,10.66,2.7367976,400057.0
1194,13634.175,10.7725,2.71305,254773.0
1195,13567.907,11.05,2.6833649,322151.0
1196,13698.705,11.0675,2.7071152,516164.0
1197,13780.558,10.69,2.7011776,132651.0
1198,13848.88,10.4425,2.7071126,347418.0
1199,13849.84,10.945,2.7130475,273723.0
1200,13870.838,11.855,2.6596224,915920.0
1201,13825.885,11.8675,2.7011776,406374.0
1202,13809.22,11.84,2.69524,463224.0
1203,13822.42,12.3,2.6655576,90539.0
1204,13886.872,12.26,2.701175,430167.0
1205,13910.862,12.905001,2.71305,829592.0
1206,13937.835,12.4175,2.6655576,854859.0
1207,13944.385,12.12,2.6536825,351269.0
1208,13940.025,12.395,2.6833675,172656.0
1209,13917.603,12.565,2.671495,70010.0
1210,13863.612,12.55,2.665555,867492.0
1211,13888.228,13.015,2.7130475,654830.0
1212,13937.522,13.297501,2.7130525,117912.0
1213,13947.225,13.445,2.7249224,149495.0
1214,14083.922,13.18,2.790225,1484423.0
1215,14194.567,13.545,2.7961626,1031726.0
1216,14177.657,13.58,2.724925,793798.0
1217,14165.912,13.7275,2.6774302,520074.0
1218,14239.12,13.8575,2.6833649,499019.0
1219,14300.84,13.84,2.69524,730631.0
1220,14237.0,13.9125,2.7427325,503230.0
1221,14169.415,13.6975,2.7308602,233718.0
1222,14133.45,13.04,2.71899,105278.0
1223,14162.397,12.9225,2.6596198,1884480.0
1224,14085.18,13.3825,2.594315,1099104.0
1225,13988.338,13.545,2.5527575,560080.0
1226,14106.707,12.805,2.576505,461119.0
1227,14168.003,12.74,2.5943174,258984.0
1228,14231.595,12.2625,2.5883799,204240.0
1229,14441.928,11.6625,2.5883799,1726923.0
1230,14497.22,12.095,2.564635,168445.0
1231,14532.527,12.9075,2.50527,1307555.0
1232,14544.84,12.665,2.439965,1612862.0
1233,14606.902,11.5275,2.4993324,2459299.0
1234,14633.275,12.2025,2.4874551,1855002.0
1235,14746.683,12.415,2.4637074,1221227.0
1236,14799.83,13.4325,2.3865325,3227830.0
1237,14793.388,13.72,2.3390398,1619179.0
1238,14790.13,13.3075,2.36279,1145427.0
1239,14830.123,13.1050005,2.439965,4985976.0
1240,14868.735,12.9475,2.53495,3672104.0
1241,14925.55,12.645,2.5586975,3086757.0
1242,15104.965,12.635,2.5468202,3975305.0
1243,15138.1875,12.175,2.5408874,1332822.0
1244,15118.925,12.3575,2.4993324,717997.0
1245,15040.495,12.755,2.4815176,389529.0
1246,15071.343,13.8125,2.5883799,5579745.0
1247,15094.165,14.79,2.6774302,3474181.0
1248,15225.66,14.5675,2.724925,6849400.0
1249,15421.508,15.24,2.65962,2259270.0
1250,15447.305,15.435,2.6358726,5295493.0
1251,15443.817,15.7725,2.60619,3646837.0
1252,15450.658,16.49,2.60619,2846723.0
1253,15384.9375,15.43,2.5527601,2977267.0
1254,15286.875,14.9625,2.529015,707470.0
1255,15084.203,15.11,2.46371,2577210.0
1256,15146.827,14.615,2.51714,2545627.0
1257,15094.832,15.115,2.5230775,1012776.0
1258,14909.939,15.7975,2.5112023,73695.0
1259,14882.252,15.4925,2.4755824,4166911.0
1260,14945.098,14.747499,2.49933,282146.0
1261,14821.14,14.4975,2.49933,623247.0
1262,14900.195,15.405,2.505265,126334.0
1263,14870.1875,14.855,2.4993277,341101.0
1264,15084.912,14.67,2.5052676,2341387.0
1265,15199.987,15.002501,2.505265,1244388.0
1266,15220.85,14.21,2.5765052,3065701.0
1267,15198.695,12.9625,2.5883799,541130.0
1268,15237.423,13.09,2.5765052,768531.0
1269,15209.535,13.155,2.5705676,1040149.0
1270,15151.013,13.335,2.57057,859070.0
1271,15216.912,12.93,2.6180649,3341530.0
1272,15118.765,12.37,2.69524,3116235.0
1273,15055.87,11.76,2.69524,1177010.0
1274,15004.428,12.195,2.60619,852753.0
1275,15108.27,12.3325,2.689305,2404554.0
1276,15216.303,11.655,2.724925,791692.0
1277,15159.625,11.235,2.7071152,1233861.0
1278,15132.107,11.0225,2.73086,1092788.0
1279,15211.875,10.8025,2.718985,739053.0
1280,15238.107,10.905,2.6774275,206345.0
1281,15210.373,11.01,2.7130475,1450734.0
1282,15338.641,11.625,2.7427325,1181221.0
1283,15435.752,11.8075,2.7130501,453749.0
1284,15403.942,11.895,2.73086,98962.0
1285,15413.7,11.675,2.76648,810116.0
1286,15233.178,11.07,2.7724152,1086471.0
1287,14887.872,11.5325,2.7842898,1139110.0
1288,14850.78,11.3075,2.790225,526391.0
1289,14895.967,11.889999,2.8021,210556.0
1290,14736.529,12.0575,2.7783551,284251.0
1291,14575.513,11.84,2.7546048,526391.0
1292,14519.9375,11.2425,2.742735,587452.0
1293,14528.787,10.9175,2.7605426,425324.0
1294,14599.12,10.6025,2.77835,381107.0
1295,14404.107,10.7175,2.7486725,1132793.0
1296,14452.527,10.57,2.73086,642197.0
1297,14413.27,11.13,2.6833675,1143321.0
1298,14425.047,11.24,2.718985,284251.0
1299,14494.857,10.7325,2.7189875,355840.0
1300,14435.258,10.57,2.701175,1227544.0
1301,14429.475,10.34,2.6893024,774848.0
1302,14245.82,11.255,2.624,1002248.0
1303,14337.25,11.450001,2.624,513758.0
1304,14529.902,11.445,2.6596227,284251.0
1305,14582.43,11.9125,2.7130525,290568.0
1306,14606.235,11.7225,2.796165,2382446.0
1307,14612.735,11.3175,2.8317826,473752.0
1308,14430.5,11.4725,2.825845,747475.0
1309,14394.125,11.135,2.8199124,627458.0
1310,14520.558,11.2025,2.8139749,309518.0
1311,14607.435,11.12,2.760545,155812.0
1312,14718.258,10.99,2.77835,21056.0
1313,14676.203,11.125,2.7486725,126334.0
1314,14597.675,11.3375,2.754605,360051.0
1315,14642.658,12.0925,2.77835,328468.0
1316,14717.455,12.4425,2.83772,1608651.0
1317,14897.1875,12.0225,2.9802,2549838.0
1318,14902.803,13.2775,3.039565,1282288.0
1319,14868.082,14.1075,2.9980075,825381.0
1320,15005.308,13.5175,3.0098825,437957.0
1321,15088.9,12.955,2.9801974,621141.0
1322,15066.022,12.6025,2.9980075,821170.0
1323,15101.765,12.0725,3.0039449,48428.0
1324,15027.138,12.285,3.0336275,646408.0
1325,14993.905,12.7275,3.0098825,513758.0
1326,14970.845,12.69,2.99207,83852.0
1327,15185.022,12.93,3.0217576,50534.0
1328,15180.423,13.1675,2.9742649,96856.0
1329,15069.277,13.2225,2.9742625,501124.0
1330,15064.26,13.3575,2.99207,423218.0
1331,14982.515,13.1525,2.9980075,886442.0
1332,14910.095,12.775,3.0039449,520074.0
1333,15007.01,13.16,3.0039449,1141216.0
1334,14945.83,13.360001,2.99207,12633.0
1335,14951.72,12.625,3.01582,823276.0
1336,15050.777,12.475,3.1108074,1758146.0
1337,15038.485,11.7725,3.1879826,1897113.0
1338,15118.2,11.845,3.1583,31583.0
1339,15167.647,12.4225,3.0929976,269512.0
1340,15231.085,12.0325,3.1226802,366368.0
1341,15214.25,11.82,3.1226802,539024.0
1342,15200.272,11.72,3.1226802,63167.0
1343,15100.343,11.6525,3.0751874,130545.0
1344,15092.936,12.0375,3.1167426,1168588.0
1345,14904.922,11.795,3.1286151,286357.0
1346,14894.439,11.755,3.110805,160023.0
1347,15151.78,11.8625,3.1879826,3591039.0
1348,15305.147,12.5225,3.1701727,2320332.0
1349,15317.803,12.89,3.1583,1880269.0
1350,15536.5,12.6875,3.2592225,3739482.0
1351,15591.846,12.3975,3.29484,3703687.0
1352,15636.357,12.190001,3.3007774,1621284.0
1353,15732.643,11.4325,3.2295375,1640234.0
1354,15730.872,11.15,3.2295399,2263481.0
1355,15781.643,11.26,3.2651575,522180.0
1356,15680.867,11.2975,3.1583002,564291.0
1357,15452.545,11.8525,3.1167426,244245.0
1358,15612.787,11.725,3.152365,1564434.0
1359,15679.093,11.5975,3.1345525,1392831.0
1360,15457.439,11.455,3.063315,1779202.0
1361,15521.565,11.26,3.110805,1408622.0
1362,15535.277,11.247499,3.1523623,3154135.0
1363,15525.76,11.5125,3.009885,6339853.0
1364,15708.373,11.6375,2.956455,6160880.0
1365,15750.705,11.1925,2.8970876,1703401.0
1366,15726.405,11.2575,2.8495924,6857822.0
1367,15452.29,11.4325,2.8199077,5506050.0
1368,15475.947,11.4225,2.8317823,5820832.0
1369,15525.6,11.422501,2.8317826,5171265.0
1370,15405.308,11.1975,2.8021,2488777.0
1371,15424.064,11.445,2.76648,2284537.0
1372,15397.558,11.8025,2.724925,2604583.0
1373,15309.617,12.29,2.7724175,2059242.0
1374,15337.0,12.5525,2.7724175,1353878.0
1375,15425.99,12.8975,2.78429,6916778.0
1376,15469.752,12.6475,2.7842875,9049714.0
1377,15487.9375,12.6675005,2.7486675,623247.0
1378,15569.3,11.9525,2.718985,254773.0
1379,15626.953,11.4675,2.6774275,1604440.0
1380,15618.907,11.4075,2.736795,4421684.0
1381,15731.43,11.5,2.8733401,22746408.0
1382,15839.918,12.025,3.0929952,18013100.0
1383,15945.91,11.809999,3.1286175,8367511.0
1384,15897.875,11.6625,2.950515,8390304.0
1385,15810.535,12.045,2.94458,3754221.0
1386,15886.926,11.8175,2.9683275,2610899.0
1387,15847.058,12.1775,2.94458,6339853.0
1388,15811.6875,12.0975,2.96239,16292854.0
1389,15708.48,12.15,2.9980102,4078477.0
1390,15485.638,11.9125,2.9089599,3265730.0
1391,15512.652,11.4525,2.867405,3076229.0
1392,15471.258,11.9625,2.9327102,4301667.0
1393,15525.12,12.03,2.9861376,2438243.0
1394,15519.492,12.025,2.932705,1147532.0
1395,15694.225,12.4325,2.9505177,3196246.0
1396,15731.117,13.4675,2.992075,3394696.0
1397,15785.38,14.315,2.9920726,2802506.0
1398,15908.588,13.3575,3.0989325,3996360.0
1399,15910.287,14.935,3.3245249,9138148.0
1400,15723.135,16.145,3.47294,21403058.0
1401,15725.795,16.8125,3.6451025,17968884.0
1402,15739.577,18.154999,3.7400925,5348659.0
1403,15775.35,17.145,3.8944426,5783984.0
1404,15847.045,18.0575,3.9122524,4830164.0
1405,15776.975,16.0375,3.8766325,2159256.0
1406,15868.61,14.62,3.90038,5112309.0
1407,15862.828,17.04,3.8706975,5100729.0
1408,15980.725,17.2575,3.81133,2524571.0
1409,16092.01,15.5075,3.82914,892759.0
1410,16311.82,14.345,3.894445,2909889.0
1411,16437.69,15.9325,3.9478724,2920417.0
1412,16451.926,17.3175,3.9241276,6078763.0
1413,16460.86,17.235,4.1912775,6600943.0
1414,16353.393,18.725,4.2150226,5253382.0
1415,16386.262,17.885,4.155658,3855288.0
1416,16587.324,19.557499,4.23877,1518112.0
1417,16841.703,22.21,4.2743926,2427715.0
1418,16884.914,22.4625,4.2565823,5261804.0
1419,16901.453,18.435,4.2447076,1680240.0
1420,16807.9,17.115,4.07848,2223476.0
1421,16651.553,16.93,4.0309877,2305593.0
1422,16644.9,17.0625,4.019115,1648657.0
1423,16769.537,15.9475,3.9716175,5647123.0
1424,16556.203,16.0125,3.8825674,12111.0
1425,16818.412,15.955,4.013175,4110061.0
1426,17040.96,16.0675,4.0013,3040434.0
1427,17005.832,15.95,4.0191126,5038615.0
1428,17259.68,16.1475,4.22096,8352772.0
1429,17202.488,14.135,4.45249,7417902.0
1430,17135.83,13.0475,4.5237274,14421008.0
1431,17100.732,13.155001,4.8680553,6897828.0
1432,16895.898,14.175,4.808687,4533279.0
1433,16561.795,13.745,4.69589,3851077.0
1434,16369.225,13.9375,4.6127777,4356412.0
1435,16540.316,14.09,4.618715,2292959.0
1436,16259.8,13.807501,4.5237274,3710004.0
1437,16250.213,13.9975,4.393125,7161023.0
1438,16049.07,16.49,4.1794024,1698.0
1439,15797.893,17.9225,4.1319127,3008851.0
1440,15820.942,18.47,4.04286,2269798.0
1441,15707.592,18.295,4.12597,1267550.0
1442,15884.893,16.315,4.20315,1433889.0
1443,15966.31,15.6375,4.0962925,1381250.0
1444,15912.742,16.855,4.1378503,856965.0
1445,15748.195,16.0075,4.161595,1090682.0
1446,15810.407,15.07,4.197215,473752.0
1447,15996.558,14.74,4.2743874,574819.0
1448,15907.053,14.665,4.2209625,816959.0
1449,15863.543,14.4675,4.1734676,267407.0
1450,15521.04,14.9875,4.0547323,3053068.0
1451,15535.905,15.43,4.06067,1812891.0
1452,15590.186,14.530001,4.1675277,354788.0
1453,15323.445,14.7375,4.0487947,943293.0
1454,15274.423,14.2325,3.9894326,1115949.0
1455,15416.439,15.1775,4.0606675,960137.0
1456,15812.748,15.21,4.24471,1458629.0
1457,15758.436,14.86,4.298135,1793941.0
1458,15645.553,15.05,4.3337574,4179545.0
1459,15611.835,14.5425005,4.2922,1626811.0
1460,15842.715,14.0625,4.5296674,4417473.0
1461,15762.415,13.465,4.594968,499019.0
1462,15782.359,12.54,4.5712223,98962.0
1463,15816.598,12.465,4.529665,699157.0
1464,15682.74,11.96,4.5474777,286357.0
1465,15878.883,12.3625,4.511855,766425.0
1466,16209.353,12.24,4.66027,3436280.0
1467,16303.59,12.3875,4.7018275,751686.0
1468,16355.833,12.3575,4.5712204,113700.0
1469,16315.883,12.3175,4.5177927,1400200.0
1470,16289.373,12.5225,4.5177927,1827630.0
1471,16463.766,12.3975,4.5771575,1825524.0
1472,16481.537,12.2025,4.6127777,2306645.0
1473,16512.113,12.235,4.6721425,1003301.0
1474,16504.545,12.085,4.6780796,3488920.0
1475,16410.59,12.68,4.6780777,2008708.0
1476,16120.34,13.435,4.583095,366368.0
1477,16024.558,14.0275,4.4940476,471646.0
1478,16038.7705,13.45,4.4465523,614825.0
1479,16100.26,13.41,4.4999847,360051.0
1480,16440.553,12.4125,4.4940476,915920.0
1481,16432.555,11.2825,4.410935,2042397.0
1482,16424.096,11.4175,4.400245,1429678.0
1483,16626.13,11.7975,4.34563,701153.0
1484,16597.895,12.0125,4.4026203,928554.0
1485,16816.768,12.122499,4.45249,913815.0
1486,16960.844,11.5575,4.618715,2661433.0
1487,17038.545,11.89,4.675705,1391778.0
1488,16949.797,12.7025,4.663835,3328897.0
1489,16969.697,12.6075,4.6638327,3196246.0
1490,17057.828,11.875,4.74457,5906107.0
1491,16975.531,11.6375,4.7303247,2316120.0
1492,16913.492,11.752501,4.727947,513758.0
1493,17041.445,11.8875,4.7398224,1530745.0
1494,17162.895,12.4625,4.7920628,360051.0
1495,17276.605,12.45,4.9131727,4543807.0
1496,17260.035,12.190001,5.1031423,6369331.0
1497,17272.064,11.907499,5.34536,6509351.0
1498,17271.68,11.8175,5.6588173,12987119.0
1499,17420.314,11.855,5.67069,3554192.0
1500,17427.566,11.6625,5.4759703,4665930.0
1501,17360.553,11.6775,5.6113253,17914944.0
1502,17165.176,11.297501,5.6920624,6702010.0
1503,17109.773,11.005,5.8464146,4920703.0
1504,17077.893,11.0675,5.939025,9026553.0
1505,16941.234,11.6175,5.9319024,2488777.0
1506,16953.322,11.485,5.97702,2729127.0
1507,16947.1,11.19,5.9817677,1623390.0
1508,17047.07,10.84,6.0150175,2362443.0
1509,17214.162,11.025,5.9081573,7702153.0
1510,17391.867,11.02,5.8084173,9622427.0
1511,17405.652,10.755,5.83692,1118054.0
1512,17508.35,10.637501,5.749055,8053782.0
1513,17472.773,10.745,5.6588173,2227950.0
1514,17339.85,11.2275,5.6635675,1534956.0
1515,17093.7,11.145,5.6231976,3246181.0
1516,17114.848,11.252501,5.597075,1174905.0
1517,17044.533,11.55,5.7300577,6066130.0
1518,17014.521,11.0225,5.6944375,3790015.0
1519,17210.066,11.2375,5.74193,5397719.0
1520,17226.393,11.0525,5.694435,5497628.0
1521,17201.719,11.0875,5.725305,5369188.0
1522,17329.457,10.825,5.7894225,6570518.0
1523,17374.934,10.922501,5.74193,3396275.0
1524,17372.355,11.0,5.6778126,3088862.0
1525,17592.383,10.71,5.7276826,4021627.0
1526,17569.52,10.38,5.708685,2848229.0
1527,17578.834,10.17,5.7181826,3710501.0
1528,17453.602,10.2375,5.71106,2549838.0
1529,17485.64,10.195,5.6920624,307412.0
1530,17551.912,9.9625,5.6849375,1444417.0
1531,17510.77,10.030001,5.7348075,1596018.0
1532,17543.463,10.74,5.841665,3165715.0
1533,17622.36,11.7575,5.89628,1968702.0
1534,17889.04,12.0525,5.9556475,7788481.0
1535,17896.227,11.085,5.9461527,1078049.0
1536,17754.11,10.9175,5.80842,1040149.0
1537,17802.078,11.4925,5.7727976,3328897.0
1538,17833.95,11.5575,5.7989197,1526534.0
1539,17888.324,11.21,5.86066,2520360.0
1540,18013.965,11.365,5.94615,4609080.0
1541,18026.246,11.967501,5.953275,1857107.0
1542,17969.453,12.3075,5.8915324,2469827.0
1543,17971.992,11.3075,5.836915,1768674.0
1544,18012.41,10.8975,6.129,15313030.0
1545,18071.703,10.34,6.70129,10575827.0
1546,18124.127,10.275,6.9173875,9102353.0
1547,18146.18,9.797501,6.8271523,1798152.0
1548,18145.982,10.6525,6.6443,2754078.0
1549,18310.15,10.735001,6.5635624,3779487.0
1550,18349.135,10.23,6.53269,2869884.0
1551,18252.438,10.4775,6.397335,6912145.0
1552,18425.346,11.0,6.385465,7185111.0
1553,18583.078,11.639999,6.584935,6956783.0
1554,18715.86,10.8675,6.5991826,8246441.0
1555,18818.434,10.905,6.6181774,1545484.0
1556,19014.863,11.2175,6.6585474,5025981.0
1557,18872.617,12.12,6.7772827,5228115.0
1558,18924.373,11.9025,6.8414,2705566.0
1559,18921.822,11.9775,6.9696302,3278363.0
1560,18812.947,12.2725,7.114485,5922952.0
1561,18879.297,11.9825,7.1572275,5592378.0
1562,19016.54,11.935,7.2522125,6104030.0
1563,19150.686,11.0675,7.3377023,3145713.0
1564,19155.137,10.5375,7.4659348,6523037.0
1565,19011.773,10.6675,7.634535,7531602.0
1566,19008.562,10.684999,7.5110526,6823291.0
1567,19171.34,10.747499,7.530052,4579770.0
1568,19314.67,10.6175,7.4896774,5517630.0
1569,19244.596,10.81,7.42319,2554049.0
1570,19229.594,10.5675,7.3614473,2263481.0
1571,18813.277,10.145,7.2545877,5720817.0
1572,18760.543,10.635,7.461185,8076944.0
1573,18965.518,11.15,7.7651396,7824276.0
1574,18802.312,11.3675,8.064344,7016413.0
1575,18678.29,11.17,8.211577,2558260.0
1576,19020.832,10.3,8.123714,87714640.0
1577,18924.613,10.175,8.088095,6986261.0
1578,18745.4,10.555,7.891,9598529.0
1579,18878.523,10.63,7.6820273,4965852.0
1580,18938.254,10.3575,7.5632925,7243667.0
1581,18769.98,10.559999,7.52055,9452403.0
1582,18863.871,10.8325,7.822135,3876343.0
1583,19082.977,11.53,8.066723,7540025.0
1584,19137.75,10.877501,8.221078,8933908.0
1585,19053.318,10.094999,8.546402,11068950.0
1586,19183.047,10.2175,8.50366,4548018.0
1587,19226.55,10.215,8.439543,1732879.0
1588,19266.502,10.43,8.361179,5160737.0
1589,19646.68,10.344999,8.969092,8964439.0
1590,19867.436,10.235001,9.071203,5339710.0
1591,19987.008,10.5125,9.147195,2476143.0
1592,20157.223,10.925,9.660132,4528752.0
1593,20392.75,15.385,10.14454,7556869.0
1594,20213.113,16.105,9.45115,3987938.0
1595,20018.078,17.085,8.826615,9785082.0
1596,19968.637,17.495,8.47991,15240072.0
1597,20006.992,19.6425,8.847982,14103068.0
1598,19608.852,17.0925,8.712629,9439243.0
1599,19521.617,15.57,8.33031,3050962.0
1600,19611.656,14.202499,8.591522,7032584.0
1601,19916.012,14.02,8.947725,5493416.0
1602,20057.547,14.4175,9.403652,7382107.0
1603,19986.412,16.505,9.3395405,4718569.0
1604,20160.61,18.225,9.132945,4309037.0
1605,20267.64,16.380001,8.933473,1480211.0
1606,20635.197,16.2925,8.85036,4871222.0
1607,20728.44,15.202499,8.923975,1686557.0
1608,20867.232,14.172501,8.838488,3971094.0
1609,20766.836,12.585,8.596272,6550410.0
1610,20350.191,12.5525,8.36118,6938886.0
1611,20279.596,12.93,8.52266,7238929.0
1612,20343.268,13.54,8.84561,11084742.0
1613,20271.629,13.52,8.933473,5308127.0
1614,20338.79,14.747499,8.985715,11545860.0
1615,20570.238,14.995,9.130572,4823847.0
1616,20506.357,14.885,9.03796,1972598.0
1617,20579.414,14.825,9.047458,3349742.0
1618,20683.33,13.587501,9.0997,4902806.0
1619,20573.373,13.5425,9.128195,2135042.0
1620,20697.365,13.287499,9.097322,3876343.0
1621,20578.328,13.212501,8.7577505,11363413.0
1622,20326.797,12.975,8.686507,5891368.0
1623,20256.793,13.252501,8.641392,4097428.0
1624,20493.414,13.2725,8.933473,7047323.0
1625,20540.008,12.5,9.204183,1764463.0
1626,20629.688,11.85,9.118694,1671818.0
1627,20781.92,11.877501,9.02371,2354021.0
1628,20736.898,12.355,8.814737,2817245.0
1629,20521.057,12.845,8.643763,3055173.0
1630,20297.982,12.184999,8.351683,8565434.0
1631,19552.482,12.8,7.8482523,13780916.0
1632,19479.617,13.2925,7.83638,5688181.0
1633,19436.184,12.94,7.4635572,7514758.0
1634,18906.455,13.0725,7.06224,8523323.0
1635,18978.684,12.809999,7.3757,9091825.0
1636,19064.256,13.5525,7.7556424,5478678.0
1637,19049.904,13.922501,7.65353,1966597.0
1638,19179.527,13.1675005,7.758015,4259556.0
1639,19346.418,13.0875,7.8625,5358660.0
1640,19355.975,12.9425,7.803135,3924771.0
1641,18816.727,13.2425,7.594165,1782228.0
1642,18996.512,13.385,7.921865,4804897.0
1643,18925.092,13.0875,8.071473,3533136.0
1644,19127.033,13.4125,8.130837,1476000.0
1645,19396.025,13.13,8.354057,3735271.0
1646,19426.3,13.665,8.46329,2448771.0
1647,19720.613,13.865,8.399173,1006460.0
1648,19680.322,13.7925005,8.49179,4729097.0
1649,19739.625,13.55,8.864605,7010054.0
1650,19721.695,12.92,9.090198,8228544.0
1651,19601.812,13.135,9.246927,9359232.0
1652,19646.176,12.6525,8.976215,6087186.0
1653,19799.402,12.96,8.864611,1071732.0
1654,19839.865,13.6275,8.9144745,1206488.0
1655,19957.877,13.5625,8.966721,1817102.0
1656,20177.018,13.6625,9.123447,5061776.0
1657,20357.246,13.53,9.600753,6276686.0
1658,20414.598,12.9075,9.738485,5303916.0
1659,20365.615,12.7475,9.669618,5634489.0
1660,20362.863,13.377501,9.854853,7927448.0
1661,20626.525,13.73,9.745607,1630759.0
1662,20761.316,14.515,9.57226,4085847.0
1663,20807.988,16.03,9.474897,4217445.0
1664,20445.71,15.775,9.092575,5733451.0
1665,20526.018,14.9325,9.125822,1149638.0
1666,20638.357,15.900001,9.306293,2151886.0
1667,20510.633,15.3875,9.220807,1605173.0
1668,20515.057,14.2025,9.106823,1719513.0
1669,20692.377,13.375,8.995215,3021484.0
1670,20532.062,13.925,9.09495,2895151.0
1671,20375.254,13.305,9.220808,2716178.0
1672,20401.754,13.7375,9.227932,1687610.0
1673,20639.648,14.685,9.189936,2060294.0
1674,20826.043,15.2725,9.097324,1418097.0
1675,20947.977,16.45,9.123447,2161361.0
1676,20774.93,17.6125,8.940598,540077.0
1677,20767.934,17.205,8.77437,4081636.0
1678,20745.238,15.4825,8.700755,4255345.0
1679,20477.596,15.8075,8.598648,2484829.0
1680,20987.865,15.9175,8.952473,6925200.0
1681,20942.467,15.0075,8.966718,1965544.0
1682,20882.21,15.4925,8.900228,7077853.0
1683,21016.414,15.085,9.028458,8726510.0
1684,20865.412,15.305,8.923975,10888924.0
1685,20967.182,16.74,8.866982,8715982.0
1686,20910.928,17.22,9.427404,14731579.0
1687,20823.287,15.8125,10.557745,19963904.0
1688,20528.682,15.21,10.85695,8259075.0
1689,20561.732,15.565001,11.51235,6629368.0
1690,20487.072,15.575,11.5646,2334018.0
1691,20306.14,16.3475,11.1609,2622480.0
1692,20517.121,15.335,11.479099,2131884.0
1693,20678.092,16.5575,11.816299,3097285.0
1694,20722.297,16.7275,11.483875,3900557.0
1695,20789.17,18.1875,11.36515,5018612.0
1696,20854.008,18.1775,11.3984,3815282.0
1697,20719.217,20.7025,11.21315,2204526.0
1698,20502.672,22.07,10.8997,2088719.0
1699,20632.465,22.2525,11.00415,375843.0
1700,20616.686,21.8025,11.417351,2623533.0
1701,20563.688,24.215,11.735575,2659327.0
1702,20805.447,22.09,11.7878,1068574.0
1703,21002.99,23.33,12.580975,3694244.0
1704,21420.125,24.2925,13.2506,2567735.0
1705,21717.857,22.355,13.663799,3816335.0
1706,21855.75,21.175,14.17195,3964777.0
1707,21930.102,25.42,13.925,2103458.0
1708,21901.625,28.2725,13.8965,2036226.0
1709,21827.412,27.0225,13.5878,2774081.0
1710,21710.809,26.71,13.0179,5769245.0
1711,21942.99,29.2025,12.927675,6696510.0
1712,21895.855,32.8625,13.198375,3971582.0
1713,22068.89,27.9825,13.630575,2126659.0
1714,22234.305,27.9875,13.792025,4689438.0
1715,22245.346,25.7825,13.6068,1280183.0
1716,22348.996,23.6325,13.4026,1724457.0
1717,22739.348,22.6875,14.950875,4152172.0
1718,22831.762,21.735,14.6279,3200457.0
1719,22663.125,22.4375,14.485425,3438386.0
1720,22839.072,25.115,14.71815,2713019.0
1721,23146.74,24.785,16.61315,6014544.0
1722,23028.365,24.932499,16.527626,6384070.0
1723,23009.285,23.3625,17.743475,7328416.0
1724,22904.33,22.807499,18.980675,7414148.0
1725,22930.842,24.465,19.2941,4182703.0
1726,23226.977,24.305,19.358225,4462743.0
1727,23269.598,26.195,17.814701,13305059.0
1728,23469.385,27.4175,18.1234,12672337.0
1729,23314.783,26.195,18.517601,4177439.0
1730,23347.816,25.4275,18.61735,4143750.0
1731,22628.79,24.73,17.805225,9587686.0
1732,22613.02,25.615,17.828949,3675262.0
1733,23072.56,26.4525,18.071201,3201072.0
1734,22677.121,23.16,17.881226,5807146.0
1735,22521.463,19.932499,17.961926,2751632.0
1736,22541.176,20.3225,18.090176,2884623.0
1737,22032.227,19.155,17.43005,4170070.0
1738,22022.707,19.087502,17.548725,1721299.0
1739,22320.018,19.4375,17.562975,4221656.0
1740,22594.06,17.7575,17.757725,3667892.0
1741,21777.82,17.135,17.1498,2759342.0
1742,21871.178,17.59,17.07855,2176100.0
1743,21935.43,17.9575,17.007324,2719336.0
1744,21488.518,18.1625,16.271175,5602906.0
1745,20697.5,18.744999,15.0791,5417616.0
1746,20324.117,18.5,13.42635,9451126.0
1747,21311.586,17.115,14.57565,10926609.0
1748,22056.46,17.585,15.66325,4706763.0
1749,22127.63,16.66,16.05745,4031930.0
1750,22964.467,16.7075,17.0168,5129649.0
1751,22800.93,17.71,16.9123,3546597.0
1752,23451.121,18.16,17.9857,5252104.0
1753,23542.225,18.8375,18.83105,6695470.0
1754,22905.133,20.1425,17.752949,4697513.0
1755,23488.672,18.9225,18.878574,8257044.0
1756,23786.219,18.7375,18.6791,4249028.0
1757,23760.295,21.0225,18.227924,1444417.0
1758,23951.45,22.7125,18.066399,2119250.0
1759,24096.977,20.815,17.667477,6244176.0
1760,23962.621,21.675,17.3113,2759342.0
1761,24008.982,21.1125,17.6627,4312195.0
1762,23821.385,19.9625,17.425251,2611952.0
1763,23965.781,19.895,17.767225,1513901.0
1764,24230.707,20.7475,17.558275,4563810.0
1765,24445.395,19.8625,17.358776,4330092.0
1766,24835.625,21.1575,18.118675,8390673.0
1767,24774.73,23.325,18.436874,3123604.0
1768,24512.16,24.6575,18.67435,2385604.0
1769,25500.34,22.467499,19.187275,6837819.0
1770,25671.047,24.81,19.63845,4128800.0
1771,25737.87,26.77,20.873276,6065077.0
1772,26296.021,27.877499,20.386475,5759.0
1773,26430.78,29.305,20.1846,4194283.0
1774,26890.184,25.7225,21.3007,7750581.0
1775,27105.764,24.8475,22.16745,3189929.0
1776,28017.256,27.5775,23.366676,4092164.0
1777,27939.932,26.442501,23.770325,4708778.0
1778,27062.998,26.4175,21.8825,11326.0
1779,27552.168,25.4925,21.98935,4654139.0
1780,28034.305,26.365,22.309925,4344831.0
1781,27943.848,25.95,22.452425,6098766.0
1782,28572.162,27.54,23.699125,2785661.0
1783,28891.547,27.2225,22.97485,3741587.0
1784,28728.947,24.485,23.1767,5443936.0
1785,29254.502,24.130001,23.6635,4300614.0
1786,29249.33,22.7325,23.532875,6116663.0
1787,28941.99,23.7725,22.903599,8020620.0
1788,29692.268,24.0,24.48275,5965379.0
1789,28452.031,22.5375,23.687225,5967168.0
1790,29060.34,21.815,23.449774,2743550.0
1791,29607.91,20.710001,24.221525,4865958.0
1792,29693.143,20.93,23.889076,4148572.0
1793,30278.922,21.9375,23.699125,4494326.0
1794,31290.96,22.0,24.3759,3600514.0
1795,31580.113,23.135,24.74395,2893420.0
1796,31399.783,23.147501,24.102825,5713448.0
1797,31628.973,24.2325,23.639725,3835285.0
1798,30584.352,23.3375,22.962975,8514901.0
1799,29596.297,22.07,22.452425,8687557.0
1800,29152.043,20.9625,21.9181,10181314.0
1801,29888.707,19.0975,22.44055,8141163.0
1802,28768.502,18.895,21.312601,7471594.0
1803,28738.105,19.025,21.265076,3690237.0
1804,27816.678,19.7675,20.3627,4284823.0
1805,27582.207,20.205,20.089624,4536673.0
1806,28937.91,22.2275,21.490675,4802791.0
1807,28952.428,23.05,22.29805,3359427.0
1808,27817.045,22.745,21.45505,4585918.0
1809,27547.74,23.7475,20.897026,2036080.0
1810,27152.61,24.1475,20.647675,5413405.0
1811,26925.09,24.2325,20.7189,1821313.0
1812,26297.184,24.895,18.961676,4719622.0
1813,26513.654,23.810001,18.189875,4591182.0
1814,27495.148,23.8375,19.234726,3600514.0
1815,27026.23,23.31,19.272749,4999662.0
1816,27292.912,23.75,19.76905,3953196.0
1817,28400.398,23.877499,20.96825,3288891.0
1818,28619.324,26.2375,20.6714,16643303.0
1819,28815.4,27.575,20.92075,9926681.0
1820,28747.184,33.3525,21.68065,3253096.0
1821,29102.885,31.4375,22.654251,4443793.0
1822,29686.936,27.84,23.36665,3099390.0
1823,29383.746,27.74,22.024975,3076229.0
1824,28775.59,28.82,22.262424,4240372.0
1825,29033.97,27.11,21.977451,1342297.0
1826,28563.297,27.0575,21.74,926448.0
1827,28118.406,27.310001,21.63315,3767696.0
1828,27582.734,24.8625,20.43395,6922042.0
1829,26907.477,25.49,20.11335,4177768.0
1830,26563.553,27.782501,20.20835,4373615.0
1831,26948.713,28.2675,20.1965,4579602.0
1832,27053.309,28.4125,20.030275,2984637.0
1833,27420.707,28.025,19.970901,1534956.0
1834,28059.898,28.4075,20.220226,1105421.0
1835,28091.68,26.3275,19.911526,2076086.0
1836,27464.35,25.295,19.590925,693783.0
1837,27627.168,24.95,20.07775,688156.0
1838,27586.441,25.18,19.935274,1492845.0
1839,27006.287,25.575,19.298876,1450734.0
1840,27278.934,25.29,18.671974,3400211.0
1841,27006.66,24.6825,17.9192,2115565.0
1842,27326.54,24.65,17.468,2874095.0
1843,27211.55,23.7125,17.373001,2559848.0
1844,27342.4,22.6075,17.510725,2264534.0
1845,27155.543,22.3575,18.4179,6247208.0
1846,26773.695,23.175001,19.44845,11972375.0
1847,26297.682,25.1325,19.90205,3822651.0
1848,24758.273,27.055,18.9498,3554192.0
1849,24789.895,26.41,18.6411,6610418.0
1850,24740.383,24.7975,18.515224,5355502.0
1851,24174.572,26.485,18.645851,4716139.0
1852,22201.31,26.897501,16.50865,5017113.0
1853,23584.156,28.789999,16.741375,5221799.0
1854,24095.29,27.15,16.784126,4855431.0
1855,24912.836,26.439999,17.206749,3633151.0
1856,24091.697,27.445,17.235275,2491935.0
1857,24474.46,29.345,17.002575,2209789.0
1858,24119.2,33.52,16.180925,6826238.0
1859,23546.395,28.962502,15.183575,3328897.0
1860,23868.963,27.6825,15.0506,4660666.0
1861,24936.766,28.025,15.952975,3158346.0
1862,24746.328,26.04,16.090675,3525661.0
1863,23450.973,25.765,15.772474,1169641.0
1864,22998.78,26.0475,15.891225,1552853.0
1865,22978.277,25.58,15.690575,3930035.0
1866,23243.045,25.63,16.0052,3341530.0
1867,23952.982,25.86,16.883825,1730774.0
1868,23828.695,24.105,17.088076,3485761.0
1869,24063.32,23.0275,17.377775,1107527.0
1870,24147.88,23.55,17.39205,1952911.0
1871,23900.57,22.6275,17.819475,9199891.0
1872,23771.297,22.2025,18.455875,5692392.0
1873,23259.2,22.575,18.31815,2917259.0
1874,23383.3,22.775,19.3796,4998609.0
1875,23609.295,22.4075,19.31785,4705936.0
1876,24341.76,23.182499,18.688576,3749105.0
1877,24502.957,23.7725,19.1635,3871079.0
1878,24234.918,23.3325,19.00675,2597213.0
1879,23568.54,21.2875,18.997276,2800644.0
1880,23490.502,20.8475,18.4986,2871989.0
1881,23080.686,20.02,17.895426,2644833.0
1882,23393.225,20.48,17.9002,904340.0
1883,22620.04,20.8525,17.8812,954873.0
1884,22463.068,20.43,17.2543,1804468.0
1885,22722.191,20.075,17.1213,1373881.0
1886,23509.365,19.7075,17.1878,4280612.0
1887,22621.477,19.85,16.74135,2623533.0
1888,22417.969,20.067501,17.14505,1884480.0
1889,21229.324,20.3825,15.468525,2674066.0
1890,21217.33,19.84,14.78465,6536857.0
1891,22007.635,18.532501,15.5436,4301667.0
1892,21162.332,18.8875,15.967199,2245584.0
1893,22131.912,18.6975,16.603624,3483803.0
1894,22609.635,19.1525,17.49175,2038186.0
1895,22485.232,19.4175,17.19255,2045555.0
1896,23017.84,19.675,17.164051,2883814.0
1897,22906.23,18.34,16.8981,5657341.0
1898,23057.15,18.04,16.902824,1636023.0
1899,24015.102,17.59,17.363525,3750904.0
1900,24120.92,17.01,17.335026,6285688.0
1901,24493.79,16.7475,18.13765,4013784.0
1902,24397.197,16.7975,17.749374,2442454.0
1903,24172.793,17.51,18.00465,2335070.0
1904,24102.164,18.0325,17.8717,1489687.0
1905,24528.406,18.475,18.346624,1632865.0
1906,23900.635,19.0775,17.4775,3219535.0
1907,23877.277,20.1975,16.964575,305307.0
1908,23974.473,19.4375,17.23055,2261376.0
1909,24305.35,18.4825,17.539225,3548928.0
1910,24235.105,17.935,17.37775,1118054.0
1911,24774.516,18.985,17.72445,2660380.0
1912,24694.695,19.9825,18.09965,1260180.0
1913,25142.688,20.627499,18.341875,2508780.0
1914,25730.58,19.595001,19.189625,2283484.0
1915,25665.135,21.1525,19.467476,5632384.0
1916,25641.12,22.9825,19.590975,1125424.0
1917,25812.041,23.57,20.374575,1791835.0
1918,25887.94,23.68,20.101501,1005407.0
1919,26278.475,23.2075,20.1965,1438100.0
1920,26252.885,22.105,20.825775,5116521.0
1921,26183.588,21.435,21.276976,3255202.0
1922,25959.346,20.8825,20.96825,2006602.0
1923,25465.691,22.0075,20.267725,2223476.0
1924,25215.043,21.835,19.72155,868545.0
1925,25344.168,22.4325,20.5052,4718569.0
1926,25412.422,22.7975,21.470726,4774910.0
1927,25544.379,22.567501,22.8561,7546341.0
1928,25641.607,21.58,22.820475,2185575.0
1929,25687.164,23.075,22.97485,1433889.0
1930,25401.672,23.7625,22.345575,3945232.0
1931,25151.646,23.9325,21.371925,2771503.0
1932,24946.357,24.5,22.024975,2346651.0
1933,24905.352,24.494999,21.977474,1034885.0
1934,24198.414,25.305,21.3007,1009324.0
1935,24295.86,25.725,21.550026,814333.0
1936,24243.982,24.485,21.312576,1559170.0
1937,24422.56,24.092499,21.7638,1240177.0
1938,24464.28,25.625,21.585674,2211895.0
1939,24687.68,27.0125,21.704374,816984.0
1940,24444.367,28.0425,21.41945,589558.0
1941,24259.2,28.7075,21.882475,1476000.0
1942,24182.865,26.62,22.048725,876967.0
1943,24456.297,24.77,22.262451,935923.0
1944,23537.24,24.5075,21.668774,1941776.0
1945,23320.188,23.68,20.65955,1491792.0
1946,22890.928,22.5825,19.201025,10282522.0
1947,22772.365,21.3375,18.21365,4373256.0
1948,22972.754,22.4175,18.218426,4478535.0
1949,23016.746,23.03,18.73845,1573909.0
1950,23219.855,23.6675,18.978275,2449165.0
1951,22845.105,23.1025,18.826324,1309661.0
1952,22930.205,21.635,19.14925,1254916.0
1953,22584.266,22.42,18.6696,3087810.0
1954,22585.197,22.7375,18.394125,4355239.0
1955,22693.955,23.455,18.43685,3562614.0
1956,22631.258,21.795,18.4226,4351148.0
1957,21979.69,20.825,18.237425,2269798.0
1958,22143.885,20.7675,17.83845,4163753.0
1959,21745.893,20.9025,16.5751,3788962.0
1960,21384.477,20.35,15.226325,6816763.0
1961,21426.223,20.925,15.492325,3378904.0
1962,21658.668,21.5075,16.1857,1006460.0
1963,21409.14,21.252499,16.190426,1683398.0
1964,21758.203,20.01,16.527649,3339425.0
1965,21725.844,20.395,16.33765,918026.0
1966,22001.402,21.615,16.342426,1515796.0
1967,22112.838,20.945,16.4944,2063453.0
1968,21385.021,20.067501,16.33765,1408622.0
1969,21133.84,19.2775,16.3709,1011724.0
1970,21781.19,19.9375,16.3994,2562802.0
1971,21893.305,20.805,16.22845,1853949.0
1972,22539.178,20.11,16.503899,847490.0
1973,22510.488,19.4175,16.408901,652725.0
1974,23010.227,20.055,16.461124,896970.0
1975,23212.57,21.352499,16.936075,2036080.0
1976,22719.375,21.7775,16.651125,405321.0
1977,22742.58,23.0275,16.974075,1118054.0
1978,22219.738,23.82,16.2712,700100.0
1979,22663.037,22.76,16.61315,3233094.0
1980,22796.088,24.105,16.993074,2675119.0
1981,22612.27,24.8175,16.689125,1242283.0
1982,22571.055,25.102499,16.63685,1081207.0
1983,22034.773,25.4825,16.579874,2077139.0
1984,22211.82,31.485,16.513374,1966491.0
1985,21951.0,33.7075,16.65115,1451892.0
1986,21993.682,36.114998,16.380424,1194908.0
1987,21895.822,31.5425,16.04795,813800.0
1988,21363.328,32.82,15.425776,1138057.0
1989,21314.475,34.57,14.898625,1420203.0
1990,21230.635,35.44,14.879625,2631955.0
1991,21012.855,33.9125,15.0411,711681.0
1992,20636.75,34.195,14.5187,1959227.0
1993,20670.008,42.239998,14.233725,6487243.0
1994,20566.96,41.455,13.920275,1550748.0
1995,20923.0,42.845,13.72555,2702491.0
1996,20966.275,44.3475,13.54505,3459442.0
1997,21284.64,50.1325,13.815775,2604583.0
1998,21230.799,51.7375,14.442675,3827915.0
1999,21312.473,55.5425,15.259575,6105083.0
2000,20945.215,59.7375,15.981451,3550676.0
2001,20915.393,69.5925,15.9957,1527571.0
2002,20760.322,62.762497,16.1002,1746565.0
2003,20478.213,54.0975,16.0622,1915537.0
2004,19865.672,62.525,15.449075,2590897.0
2005,20778.41,71.125,15.7345,850648.0
2006,20443.426,68.07,15.7915,1418097.0
2007,20087.496,61.6175,15.725025,1705507.0
2008,19579.66,53.335,14.979375,2757236.0
2009,19367.227,66.345,14.917624,1966597.0
2010,18295.992,69.9225,13.692275,5493827.0
2011,18166.215,76.065,12.8849,1732879.0
2012,17221.596,76.685,11.8424225,3714248.0
2013,19030.457,71.225006,13.706525,3692717.0
2014,19626.977,67.695,14.062725,2176100.0
2015,19056.738,66.3075,13.174601,3181851.0
2016,19017.559,61.35,13.0882,1654973.0
2017,19014.121,57.0625,12.941875,1609704.0
2018,18757.182,49.835,13.2601,3807912.0
2019,18290.379,51.195,13.88225,30123252.0
2020,17435.9,60.192497,13.7018,4320617.0
2021,17999.73,59.872498,13.796801,3293135.0
2022,17769.982,58.197502,14.029475,1132793.0
2023,16998.152,61.182503,13.355075,1127530.0
2024,15848.49,64.1725,12.723425,4342748.0
2025,15758.79,63.7325,12.533425,1906918.0
2026,14705.87,63.7425,11.308149,1492318.0
2027,15649.845,68.3525,11.403125,2219264.0
2028,16932.498,69.509995,12.9609,3894241.0
2029,16294.6,71.265,12.39095,1933961.0
2030,14985.4795,77.340004,11.469601,2695648.0
2031,14872.487,76.445,11.868575,832751.0
2032,15044.845,67.2625,12.334,991721.0
2033,15289.79,62.85,12.015775,3058332.0
2034,14586.228,58.235,12.087,5769245.0
2035,13698.1,54.655,11.659599,1482317.0
2036,13048.505,64.485,11.222651,2144518.0
2037,11700.433,64.745,9.577018,1567132.0
2038,11870.272,62.3125,9.137695,2056704.0
2039,12787.695,62.78,9.48273,3514186.0
2040,13805.145,62.3425,10.049572,4495379.0
2041,13911.561,58.6425,13.6828,2561419.0
2042,14485.425,58.5825,12.443251,4077425.0
2043,14278.678,56.835,11.559851,2830931.0
2044,14988.391,55.059998,11.768826,4651191.0
2045,13906.907,55.79,11.0422,1563381.0
2046,13760.957,56.6525,10.681225,764320.0
2047,14844.848,54.199997,11.754575,3078335.0
2048,14286.098,50.8475,11.550375,639039.0
2049,13994.18,47.88,11.14665,1971861.0
2050,13151.625,44.559998,10.296542,1767621.0
2051,13633.8955,44.7325,10.54825,1068574.0
2052,13532.41,43.82,10.34875,1009618.0
2053,13063.655,44.6,10.14929,1285447.0
2054,12890.258,43.7325,9.774093,1954314.0
2055,12186.245,43.9125,9.20276,3369955.0
2056,12334.33,42.885002,8.5844,2375076.0
2057,12411.038,40.305,8.636642,2601797.0
2058,12937.23,38.8675,8.377803,3899798.0
2059,13179.9,39.21,8.171207,1935611.0
2060,13679.338,38.322502,8.422922,3573236.0
2061,13721.328,41.905,8.453793,2870937.0
2062,13949.305,43.275,8.53453,2143464.0
2063,13409.242,42.045,8.361179,2990921.0
2064,13634.685,44.114998,8.439545,1807627.0
2065,13677.638,44.855,8.206827,4483543.0
2066,13774.268,48.2675,8.128463,6230364.0
2067,14674.061,51.11,8.771997,13098047.0
2068,14927.085,48.5175,9.311045,6802437.0
2069,15262.175,53.35,10.1303005,4091111.0
2070,15566.575,49.552498,10.258525,4554335.0
2071,14979.603,49.052498,9.907067,2283484.0
2072,15201.19,48.8,10.1255455,1522323.0
2073,15046.412,46.45,10.372545,3096232.0
2074,15435.58,43.8725,10.619474,5702226.0
2075,15420.633,40.5625,10.8427,6090169.0
2076,15205.498,42.03,11.222651,4737519.0
2077,14912.332,43.7725,11.4791,1406517.0
2078,14317.357,47.434998,11.1704,1588648.0
2079,14049.154,44.1325,10.70495,581136.0
2080,14166.42,43.205,11.0849495,643250.0
2081,14353.7,44.0275,11.303375,969612.0
2082,14398.561,42.997498,11.4269,571661.0
2083,14736.49,44.3825,11.3319,375843.0
2084,15401.067,46.0275,11.3889,652725.0
2085,15535.38,45.5925,11.23215,1811850.0
2086,15371.82,43.64,10.71445,2873532.0
2087,14565.42,42.07,9.62927,3752115.0
2088,14469.82,48.735,9.4654,4287467.0
2089,14122.64,48.3525,9.372787,431301.0
2090,13840.447,47.2425,9.280175,609561.0
2091,13801.408,48.875,9.854845,3852285.0
2092,13145.998,51.0125,9.61025,805378.0
2093,13267.793,48.7075,9.636374,1523376.0
2094,13342.689,45.1175,9.406033,1421256.0
2095,12947.822,43.9125,9.284925,1829735.0
2096,12579.975,45.7025,9.130568,2735128.0
2097,12763.678,51.052498,8.99284,1509266.0
2098,12581.3125,51.21,8.914478,643709.0
2099,13345.96,47.357502,9.320542,2170942.0
2100,13131.495,49.165,9.237431,1469684.0
2101,13007.085,49.775,9.289673,964243.0
2102,12890.848,49.6925,9.123447,600086.0
2103,13044.338,46.9025,9.230308,1390725.0
2104,13193.715,43.395,9.382287,1966597.0
2105,13543.415,42.36,9.536637,3438386.0
2106,13765.445,41.725,9.783623,1761048.0
2107,13826.87,43.1725,9.567508,2248429.0
2108,13512.107,42.59,9.28967,2627744.0
2109,13330.138,40.6425,9.379908,1105421.0
2110,13439.955,41.675,9.484392,1264866.0
2111,13458.218,45.0475,9.686253,1253863.0
2112,13067.582,44.07,9.707613,1247020.0
2113,12885.85,42.95,9.750357,547650.0
2114,12935.064,42.4025,9.9641,1052782.0
2115,12726.168,41.2575,10.035302,1700912.0
2116,12984.75,40.9725,10.1255455,844068.0
2117,12759.255,45.385002,9.978317,741580.0
2118,12997.883,44.3725,9.812093,1241015.0
2119,12932.223,43.89,9.584132,578531.0
2120,12893.418,41.825,9.230308,3279300.0
2121,12428.346,40.85,8.912575,348137.0
2122,12010.617,41.685,8.582023,3808665.0
2123,12128.795,41.1825,8.669888,2257691.0
2124,12337.862,39.7,8.793367,1823925.0
2125,12007.755,37.005,8.593901,647461.0
2126,11622.377,38.1375,8.859858,1234612.0
2127,11631.73,37.75,8.620018,633775.0
2128,12072.928,37.045,8.72213,637085.0
2129,11949.085,35.877502,8.68176,1888691.0
2130,12437.62,34.625,8.862232,4705409.0
2131,12806.686,36.66,9.398908,5743849.0
2132,12976.824,38.6625,9.546135,2410871.0
2133,13089.53,37.36,10.0590725,3933087.0
2134,13122.29,37.695,11.284375,10997361.0
2135,12986.603,36.895,11.412625,4409706.0
2136,13225.385,38.8175,11.631075,2136357.0
2137,13793.662,38.61,12.2865,4202764.0
2138,13709.303,36.8375,12.3815,2379569.0
2139,13970.362,35.95,12.561975,3414606.0
2140,14147.57,35.89,12.487875,2004231.0
2141,13664.027,35.095,12.371975,1528326.0
2142,13561.595,34.1,11.816325,3503281.0
2143,13616.48,32.985,12.19625,782325.0
2144,14243.053,33.0025,12.704425,1697085.0
2145,14532.555,32.08,12.6474495,2622444.0
2146,14961.112,32.7625,12.63795,696684.0
2147,14897.383,32.335,11.759325,1626548.0
2148,14545.652,33.292503,12.305475,1445654.0
2149,14807.865,32.575,12.709175,1792062.0
2150,15404.758,32.17,13.260099,5428781.0
2151,15474.362,31.515,13.255375,2358298.0
2152,15751.582,29.425,13.25535,1755112.0
2153,15763.875,28.057499,12.92765,1086218.0
2154,15646.647,30.545,12.59995,1691576.0
2155,15187.335,31.817501,13.0369,1452049.0
2156,15108.537,32.535,12.908649,2152246.0
2157,15065.623,31.3275,12.861151,4186217.0
2158,15226.498,31.907501,12.7662,1036254.0
2159,14990.176,30.2775,12.134525,1987652.0
2160,14787.245,29.310001,11.702351,2445071.0
2161,14855.76,29.525,12.049049,4256398.0
2162,15420.373,30.5125,12.419475,1529692.0
2163,17043.572,27.9175,13.003625,9837926.0
2164,17075.875,26.5,13.473825,7873757.0
2165,17653.197,25.9375,13.440575,4117430.0
2166,18065.115,26.0275,13.635275,4368559.0
2167,18674.93,25.765,14.618425,5443936.0
2168,18630.73,27.2525,15.25005,3610261.0
2169,18667.275,29.7275,14.808375,5813928.0
2170,18387.965,29.9225,14.78465,3384694.0
2171,18620.84,31.4075,14.9556,2436692.0
2172,18411.846,29.945,15.07435,2010814.0
2173,18173.773,29.49,14.96035,1648122.0
2174,18543.395,27.3325,15.226325,2455088.0
2175,18704.508,25.79,15.440025,3015168.0
2176,18948.406,25.2075,15.3403,1637076.0
2177,18629.266,25.5175,15.26905,4282717.0
2178,18144.043,24.7975,15.658525,6095730.0
2179,18039.582,24.785,15.596775,1709718.0
2180,17864.48,24.275,15.088575,2862006.0
2181,17908.057,23.724998,15.667999,5714108.0
2182,18067.812,23.599998,16.261675,4270084.0
2183,17543.732,23.4575,15.957726,1746617.0
2184,17717.908,24.305,15.753475,2896488.0
2185,18206.367,24.795,15.786725,1142552.0
2186,18514.363,25.6675,15.63,1496694.0
2187,18557.184,25.3525,15.691774,1122287.0
2188,18627.506,25.6175,15.744,1940937.0
2189,18448.268,25.8825,16.3709,2019449.0
2190,18073.408,25.3725,16.817348,2420346.0
2191,18038.863,25.130001,18.094925,1841316.0
2192,17946.865,25.2975,17.77195,3515615.0
2193,17671.746,24.6,17.031075,2405226.0
2194,17732.607,25.0825,16.83635,2546680.0
2195,17751.31,25.7325,17.29705,2808730.0
2196,17416.373,25.7625,17.68175,1870159.0
2197,17748.797,25.227499,17.81945,1471384.0
2198,18155.088,24.810001,17.904924,1392396.0
2199,18513.73,26.205,18.2754,2762936.0
2200,18667.713,27.01,17.9477,1263093.0
2201,19243.629,27.154999,18.47485,2020602.0
2202,19500.17,25.685001,18.937925,1912103.0
2203,19418.598,24.6175,19.329725,1619071.0
2204,19622.293,25.215,19.55535,2125188.0
2205,19956.45,24.715,19.697824,2090297.0
2206,20226.053,25.0275,19.72155,1169363.0
2207,20415.127,25.0325,20.267725,2984616.0
2208,20217.525,24.745,19.99465,1875059.0
2209,20174.863,25.635,20.030275,1558197.0
2210,20576.527,27.5975,21.597527,4122010.0
2211,20663.934,29.005,21.894375,6367531.0
2212,20984.635,27.97,21.6569,4213234.0
2213,20676.75,26.02,20.980125,5577458.0
2214,20657.094,25.5725,20.398325,5684560.0
2215,20539.957,25.035,20.065876,2430187.0
2216,20857.23,23.8825,19.852175,1551744.0
2217,20917.648,23.6125,19.63845,1470550.0
2218,20576.2,24.49,19.275126,740106.0
2219,20829.984,23.665,19.76905,1357069.0
2220,20898.506,23.42,20.208376,6900115.0
2221,20283.705,23.625,19.28225,2535959.0
2222,20189.322,23.785,18.6791,5367504.0
2223,20081.78,24.654999,19.3701,7213703.0
2224,20318.283,23.4825,20.493324,5872595.0
2225,20232.445,23.067501,21.265076,4845178.0
2226,20567.367,24.3575,21.90625,6122562.0
2227,20325.447,25.485,21.941875,1693296.0
2228,20494.355,25.5975,21.51445,2240320.0
2229,20260.957,24.9725,21.229475,2373188.0
2230,20230.395,25.5025,20.1371,5212175.0
2231,19742.63,27.1625,19.757175,3890492.0
2232,19882.512,28.89,20.089624,4115083.0
2233,19529.8,28.0225,19.8759,3571533.0
2234,19659.623,25.9225,20.35085,5031245.0
2235,20076.674,25.2125,20.9564,1900272.0
2236,20561.475,24.3625,21.205725,2279692.0
2237,20859.58,23.76,21.170124,2446665.0
2238,20961.594,23.0825,21.371925,5322866.0
2239,21136.027,23.2,21.6569,4709157.0
2240,21142.498,22.345,21.33635,3181703.0
2241,20910.074,22.5625,21.288824,2518706.0
2242,20946.186,21.682499,21.561901,3876764.0
2243,21210.795,21.5675,21.51445,4961364.0
2244,21752.383,21.2775,21.3601,3458644.0
2245,21636.582,21.425,20.98015,6447752.0
2246,21558.963,21.5025,20.4458,4986612.0
2247,21622.828,21.475,20.16085,5088519.0
2248,21629.465,23.529999,20.8614,5318225.0
2249,21199.95,24.615,20.956375,5091044.0
2250,20916.852,26.3775,21.205725,2990323.0
2251,20687.814,25.9475,20.232101,2934926.0
2252,20970.01,27.95,19.982775,3372271.0
2253,20968.725,30.0975,19.7928,4103338.0
2254,20387.559,29.75,19.6028,3866358.0
2255,20391.664,27.9875,20.113377,3766117.0
2256,20663.734,26.3775,21.0276,3234025.0
2257,21429.91,23.59,22.523676,6962887.0
2258,21516.652,23.075,23.366676,4061422.0
2259,21452.18,22.7925,23.378525,3342262.0
2260,21472.537,23.7,24.007824,6000874.0
2261,21726.723,23.815,24.090925,3425753.0
2262,22107.525,22.9225,23.9247,4621764.0
2263,22027.535,22.705,23.2598,2618616.0
2264,21993.588,22.064999,23.3429,5276136.0
2265,22339.35,22.5225,23.805975,3379449.0
2266,22306.385,22.8075,23.59225,4427323.0
2267,22179.355,21.505,24.411526,8715730.0
2268,22514.01,20.9925,26.726799,9693385.0
2269,22120.057,20.3325,26.714901,6376375.0
2270,21913.875,24.885,26.57245,3520178.0
2271,21258.99,24.805,26.358725,4832043.0
2272,21786.82,23.205,26.84555,3145872.0
2273,21394.527,21.5525,26.192501,2816192.0
2274,21436.71,21.68,26.180626,1787395.0
2275,21517.941,21.4525,26.109375,1783382.0
2276,21451.559,22.119999,26.026276,2730958.0
2277,21852.094,23.445,26.287476,3582120.0
2278,22092.133,23.1525,26.29935,1283343.0
2279,22395.38,22.3525,26.299376,2419506.0
2280,22550.262,21.685,26.4656,2691121.0
2281,22531.123,21.225,26.346874,1187422.0
2282,22466.123,21.34,26.097525,5324761.0
2283,22875.877,20.7725,25.81255,2716065.0
2284,22928.227,22.165,26.299376,6293071.0
2285,22890.0,22.055,26.453724,5202900.0
2286,22755.004,20.935,26.453726,3418416.0
2287,22475.828,19.9675,26.1094,2100725.0
2288,22649.387,19.6425,26.03815,709996.0
2289,22582.518,19.515,26.40625,3837455.0
2290,22523.172,20.1625,26.8099,9032837.0
2291,22369.793,19.905,28.009125,12091938.0
2292,21361.51,20.1725,27.23735,6492717.0
2293,21780.24,20.84,28.068474,5139216.0
2294,21961.684,20.8575,28.116001,4991159.0
2295,22349.531,19.717499,27.4867,4633504.0
2296,22496.234,19.3,27.308575,2652824.0
2297,22417.086,19.2875,26.6793,3075785.0
2298,22361.23,18.695,26.619925,2206230.0
2299,22181.969,17.27,26.311249,3335921.0
2300,21835.16,18.4025,25.7176,2930740.0
2301,21796.53,18.0175,25.45635,3888097.0
2302,21909.902,17.86,25.4801,5085230.0
2303,21874.254,18.0475,25.539474,4602665.0
2304,21914.54,18.0975,25.563225,1044152.0
2305,21719.217,18.83,25.159525,4254737.0
2306,21474.527,20.3575,24.16215,2418030.0
2307,21174.605,24.965,22.96295,14146758.0
2308,21042.39,26.165,22.79675,4328236.0
2309,21125.719,24.8925,22.998575,2730419.0
2310,21200.205,24.195,22.986725,3246562.0
2311,21578.963,23.872501,23.33105,772739.0
2312,21511.44,23.4575,23.23605,1862711.0
2313,21476.7,22.035,23.449749,2277960.0
2314,21849.342,24.414999,23.65165,1775806.0
2315,22164.01,26.5975,24.74395,8302976.0
2316,22391.512,26.3025,25.58695,5309385.0
2317,22383.78,25.9625,25.218876,3838368.0
2318,22307.22,25.8325,24.88645,2429159.0
2319,22495.395,24.94,25.123924,3554043.0
2320,22343.492,23.74,24.981424,968275.0
2321,21859.871,22.865,24.93395,3681128.0
2322,21820.996,22.067501,24.732075,1653413.0
2323,21684.793,21.289999,24.482725,1868906.0
2324,21461.25,20.485,24.12655,4067250.0
2325,21544.094,20.1725,23.746624,4959445.0
2326,21390.57,20.94,23.7941,3010385.0
2327,21039.0,20.825,23.378525,1612894.0
2328,20560.682,21.2175,22.559275,6078334.0
2329,20522.178,19.807499,22.666126,621485.0
2330,20319.037,19.5775,22.44055,2225492.0
2331,20120.81,18.9625,21.918125,1709519.0
2332,20291.602,18.875,21.918125,1948637.0
2333,20098.135,18.8575,22.499926,4347652.0
2334,20082.898,17.715,23.319176,1503749.0
2335,20355.096,17.815,23.295425,755311.0
2336,20576.01,17.95,23.627874,1545646.0
2337,20436.727,18.15,23.24795,4732683.0
2338,19712.533,18.59,22.072475,1120251.0
2339,19565.475,17.915,21.704376,943341.0
2340,19647.21,18.255001,21.3126,2866936.0
2341,19873.814,17.725,22.48805,6292797.0
2342,20198.135,16.8925,22.737375,2660801.0
2343,20287.559,16.72,23.117325,1435141.0
2344,20586.863,16.72,23.2123,3187008.0
2345,20476.957,17.57,23.14105,760365.0
2346,20072.887,16.6225,22.773026,1191956.0
2347,20381.338,17.2875,23.354774,1416813.0
2348,20418.34,17.657501,23.200424,2349585.0
2349,20440.012,18.02,23.41415,2065348.0
2350,20454.55,17.9025,23.42605,6148108.0
2351,20624.238,17.494999,23.0461,3598657.0
2352,20955.004,17.615,23.05795,2025396.0
2353,20909.21,17.34,23.046074,2791940.0
2354,20938.633,17.54,23.034225,3066333.0
2355,20783.875,16.81,23.05795,1329735.0
2356,20771.213,16.6775,24.102825,4924305.0
2357,21158.607,16.947498,25.278275,3265292.0
2358,21191.94,16.2925,26.0144,4226367.0
2359,21237.855,15.62,26.287476,2471709.0
2360,21238.346,16.19,26.441849,2970319.0
2361,21209.113,15.83,26.66745,3108782.0
2362,21049.082,15.985001,26.180626,1485300.0
2363,21085.559,17.59,26.0975,2307277.0
2364,21291.926,18.342499,26.8574,1968492.0
2365,21372.135,16.2975,27.237375,2513168.0
2366,21344.293,16.1525,28.187225,5731836.0
2367,21018.45,17.085,28.210949,5104940.0
2368,21060.268,16.5175,27.5342,3605608.0
2369,21097.918,17.3975,27.0355,2532851.0
2370,20759.457,20.52,26.857426,1862013.0
2371,20884.79,21.7625,27.166126,1973352.0
2372,21207.406,19.405,27.2611,1765170.0
2373,21314.617,20.4,27.439224,4127327.0
2374,21320.766,21.155,26.311226,5710959.0
2375,21462.178,23.615,25.1239,6913898.0
2376,21860.025,25.4625,26.53685,7703949.0
2377,21866.516,30.955,27.4036,2604317.0
2378,22109.06,36.8925,27.320475,1088084.0
2379,22261.91,28.515,27.415476,3370020.0
2380,22154.59,29.065,27.22545,2235672.0
2381,22139.645,25.932499,27.213625,1139694.0
2382,22218.57,26.0,27.284851,861899.0
2383,21956.357,30.32,26.75055,2253495.0
2384,21457.096,32.045,25.741325,1416243.0
2385,21574.465,31.119999,25.907524,1325242.0
2386,21615.078,35.364998,25.8957,2526161.0
2387,21354.18,43.5625,25.563225,1089488.0
2388,21326.143,43.7275,25.8363,1154027.0
2389,21548.793,39.3425,26.0144,1493524.0
2390,21302.633,39.0225,25.586975,2538047.0
2391,20919.684,31.67,24.565876,2018920.0
2392,20886.047,30.122501,24.625225,1197337.0
2393,21021.082,31.2825,25.159525,2638036.0
2394,20817.992,34.4775,24.26905,2574305.0
2395,20863.598,32.2675,24.459026,1951926.0
2396,20379.137,29.8575,24.055325,5158558.0
2397,20125.648,34.085,23.699125,3665703.0
2398,19839.223,35.864998,23.224174,5012377.0
2399,20268.285,35.2425,23.35645,7079627.0
2400,20217.145,32.6025,23.699125,3746007.0
2401,20157.395,30.7575,23.71645,1716741.0
