2000-06-26,1.709760,1.923480,1.453290,1.510280,1.394025,452988934
2000-07-03,1.519780,1.595770,1.386800,1.396300,1.288819,138744034
2000-07-10,1.424800,1.491290,1.367800,1.415300,1.306356,57401886
2000-07-17,1.443790,1.548280,1.291820,1.529280,1.411563,44684279
2000-07-24,1.519780,1.652760,1.396300,1.415300,1.306356,74376943
2000-07-31,1.386800,1.652760,1.367800,1.633770,1.508009,49319679
2000-08-07,1.671760,1.738250,1.538780,1.624270,1.499241,95464167
2000-08-14,1.662260,1.833240,1.643270,1.747750,1.613215,178743433
2000-08-21,1.766750,1.776250,1.576770,1.614770,1.490472,59936986
2000-08-28,1.605270,1.671760,1.576770,1.662260,1.534306,21059851
2000-09-04,1.681260,1.681260,1.567280,1.567280,1.446637,22695876
2000-09-11,1.567280,1.567280,1.367800,1.396300,1.288819,17737271
2000-09-18,1.396300,1.396300,1.225320,1.272820,1.174844,13309270
2000-09-25,1.310810,1.367800,1.272820,1.358310,1.253753,8209594
2000-10-02,1.358310,1.358310,1.282320,1.282320,1.183612,3874238
2000-10-09,1.282320,1.291820,0.959360,0.978360,0.903050,15452733
2000-10-16,0.978360,0.978360,0.788390,0.911870,0.841678,9308698
2000-10-23,0.911870,1.016350,0.854880,0.902370,0.832909,6611472
2000-10-30,0.987860,1.234820,0.968860,1.206330,1.113472,17688843
2000-11-06,1.206330,1.234820,1.120840,1.139840,1.052100,5230221
2000-11-13,1.101840,1.149340,1.035350,1.101840,1.017025,5233380
2000-11-20,1.111340,1.130340,1.044850,1.063850,0.981959,2822508
2000-11-27,1.044850,1.092340,0.911870,0.968860,0.894281,3215196
2000-12-04,0.997360,1.263320,0.968860,1.206330,1.113472,12749190
2000-12-11,1.215830,1.225320,1.073350,1.092340,1.008256,5392348
2000-12-18,1.082850,1.120840,1.044850,1.063850,0.981959,2139252
2000-12-25,1.063850,1.092340,1.016350,1.082850,0.999497,1998180
2001-01-01,1.082850,1.139840,1.044850,1.101840,1.017025,3646836
2001-01-08,1.092340,1.244320,1.082850,1.168330,1.078397,12361766
2001-01-15,1.168330,1.168330,1.082850,1.130340,1.043331,2543522
2001-01-22,1.120840,1.168330,1.120840,1.158830,1.069628,722209
2001-01-29,1.158830,1.158830,1.101840,1.130340,1.043331,2019236
2001-02-05,1.168330,1.263320,1.158830,1.244320,1.148538,15640129
2001-02-12,1.244320,1.339310,1.215830,1.272820,1.174844,22704297
2001-02-19,1.253820,1.358310,1.244320,1.301310,1.201141,18164700
2001-02-26,1.301310,1.320310,1.120840,1.130340,1.043331,9342388
2001-03-05,1.130340,1.358310,1.101840,1.253820,1.157306,18309985
2001-03-12,1.253820,1.272820,1.130340,1.263320,1.166075,12351238
2001-03-19,1.263320,1.310810,1.206330,1.225320,1.131000,7115754
2001-03-26,1.234820,1.282320,1.196830,1.225320,1.131000,4880698
2001-04-02,1.234820,1.348810,1.234820,1.253820,1.157306,20226048
2001-04-09,1.253820,1.377300,1.234820,1.329810,1.227447,25014100
2001-04-16,1.320310,1.595770,1.301310,1.548280,1.429100,66285260
2001-04-23,1.567280,1.757250,1.529280,1.719250,1.586909,116654563
2001-04-30,1.709760,1.899730,1.624270,1.861730,1.718422,49419693
2001-05-07,1.861730,1.970970,1.738250,1.747750,1.613215,44801138
2001-05-14,1.738250,2.018460,1.719250,1.923480,1.775419,74219026
2001-05-21,1.923480,2.184690,1.833240,2.184690,2.016522,54050881
2001-05-28,2.137190,2.445900,1.947220,2.327170,2.148034,54146684
2001-06-04,2.374660,2.754610,2.208430,2.635870,2.478348,84601562
2001-06-11,2.635870,2.683370,2.089700,2.350910,2.210418,35187132
2001-06-18,2.350910,2.849590,2.184690,2.802100,2.634644,42390267
2001-06-25,2.825850,2.849590,2.517140,2.517140,2.366714,14056744
2001-07-02,2.564630,2.873340,2.445900,2.635870,2.478348,27926095
2001-07-09,2.517140,2.897090,2.517140,2.802100,2.634644,34583889
2001-07-16,2.849590,2.944580,2.540890,2.754610,2.589993,30787557
2001-07-23,2.730860,2.754610,2.612130,2.635870,2.478348,9533994
2001-07-30,2.659620,2.778350,2.635870,2.659620,2.500679,117797884
2001-08-06,2.659620,2.659620,2.303420,2.469650,2.322062,18236289
2001-08-13,2.517140,2.897090,2.493390,2.873340,2.701627,15536957
2001-08-20,2.778350,3.205790,2.778350,3.039570,2.857923,34950257
2001-08-27,3.063310,3.253290,3.015820,3.063310,2.880244,12612328
2001-09-03,3.087060,3.229540,2.873340,3.134550,2.947227,20063919
2001-09-10,3.087060,3.134550,2.350910,2.612130,2.456027,35565081
2001-09-17,2.564630,2.778350,2.327170,2.659620,2.500679,28337733
2001-09-24,2.802100,3.063310,2.802100,3.039570,2.857923,11176334
2001-10-01,3.039570,3.110810,2.897090,3.087060,2.919038,8291711
2001-10-08,3.087060,3.182050,2.968330,2.992070,2.829218,8693874
2001-10-15,2.944580,3.087060,2.944580,3.087060,2.919038,10022484
2001-10-22,3.182050,3.656980,3.110810,3.490750,3.300756,24266626
2001-10-29,3.561990,3.656980,3.443260,3.467000,3.278299,10441492
2001-11-05,3.514500,3.609480,3.372020,3.419510,3.233394,8769674
2001-11-12,3.585740,3.894440,3.467000,3.704470,3.502844,22147375
2001-11-19,3.751960,4.108160,3.704470,4.084420,3.862114,23165415
2001-11-26,4.179400,4.559350,4.036920,4.345630,4.109107,35499809
2001-12-03,4.274390,4.678080,4.226900,4.654330,4.401005,29661080
2001-12-10,4.678080,4.891800,4.535600,4.654330,4.401005,28797800
2001-12-17,4.701830,4.701830,4.393120,4.511860,4.266289,13606154
2001-12-24,4.535600,4.583100,4.393120,4.464360,4.221375,4364834
2001-12-31,4.464360,4.796810,4.440620,4.654330,4.401005,8013776
2002-01-07,4.654330,4.654330,4.274390,4.274390,4.041744,24087653
2002-01-14,4.274390,4.488110,3.894440,4.416870,4.176469,24062386
2002-01-21,4.535600,4.559350,4.226900,4.369380,4.131565,18097322
2002-01-28,4.393120,4.559350,4.179400,4.226900,3.996839,10569931
2002-02-04,4.226900,4.511860,4.155660,4.464360,4.221375,17024537
2002-02-11,4.511860,4.511860,4.416870,4.440620,4.198927,991721
2002-02-18,4.511860,4.678080,4.416870,4.606840,4.356101,12592326
2002-02-25,4.583100,4.606840,4.440620,4.464360,4.221375,6106136
2002-03-04,4.511860,4.583100,4.464360,4.511860,4.266289,6131401
2002-03-11,4.464360,4.583100,4.203150,4.274390,4.041744,8677029
2002-03-18,4.274390,4.298140,4.084420,4.203150,3.974381,8950752
2002-03-25,4.274390,4.488110,4.084420,4.155660,3.929476,8877058
2002-04-01,4.179400,4.203150,3.870700,3.965680,3.749836,12950797
2002-04-08,3.989430,4.155660,3.680720,4.155660,3.929476,32202496
2002-04-15,4.155660,4.488110,4.036920,4.464360,4.221375,15751724
2002-04-22,4.416870,4.559350,4.179400,4.226900,3.996839,10188824
2002-04-29,4.250640,4.274390,4.060670,4.179400,3.951924,2474038
2002-05-06,4.226900,4.369380,4.131910,4.250640,4.019287,5302862
2002-05-13,4.274390,4.345630,4.155660,4.155660,3.929476,9117092
2002-05-20,4.179400,4.203150,4.108160,4.179400,3.984550,5215482
2002-05-27,4.179400,4.369380,4.108160,4.203150,4.007193,9378181
2002-06-03,4.179400,4.226900,4.036920,4.060670,3.871356,4657507
2002-06-10,4.060670,4.084420,3.799460,3.799460,3.622324,9180259
2002-06-17,3.799460,3.799460,3.277030,3.514500,3.350649,22910643
2002-06-24,3.561990,3.609480,3.253290,3.561990,3.395926,7946398
2002-07-01,3.561990,3.941940,3.514500,3.870700,3.690243,8898114
2002-07-08,3.846950,3.846950,3.514500,3.538240,3.373283,8590701
2002-07-15,3.514500,3.538240,3.372020,3.419510,3.260088,2419292
2002-07-22,3.372020,3.467000,2.849590,3.063310,2.920494,3682632
2002-07-29,3.039570,3.182050,2.873340,2.873340,2.739382,5803988
2002-08-05,2.849590,2.968330,2.469650,2.920830,2.784657,17388801
2002-08-12,2.873340,2.897090,2.707110,2.873340,2.739382,3139395
2002-08-19,2.849590,3.087060,2.849590,3.063310,2.920494,2538257
2002-08-26,2.944580,3.182050,2.944580,3.063310,2.920494,6536723
2002-09-02,3.039570,3.134550,2.968330,3.110810,2.965780,9300277
2002-09-09,3.134550,3.134550,2.944580,2.992070,2.852576,4325881
2002-09-16,2.849590,3.039570,2.849590,2.944580,2.807300,4011099
2002-09-23,2.920830,2.944580,2.849590,2.944580,2.807300,2667750
2002-09-30,2.897090,3.039570,2.849590,2.920830,2.799150,1716742
2002-10-07,2.897090,2.944580,2.707110,2.707110,2.594333,5545108
2002-10-14,2.873340,3.467000,2.849590,3.372020,3.231544,5714501
2002-10-21,3.324520,3.514500,3.182050,3.395760,3.254295,7968507
2002-10-28,3.419510,3.704470,3.372020,3.514500,3.368088,9782450
2002-11-04,3.538240,3.728220,3.514500,3.609480,3.459111,10826811
2002-11-11,3.514500,3.609480,3.467000,3.585740,3.436361,2851986
2002-11-18,3.561990,3.680720,3.514500,3.633230,3.481872,4796476
2002-11-25,3.633230,3.656980,3.538240,3.538240,3.390839,6718855
2002-12-02,3.609480,3.656980,3.514500,3.609480,3.459111,3982283
2002-12-09,3.514500,3.633230,3.490750,3.561990,3.413600,1985548
2002-12-16,3.609480,3.680720,3.490750,3.656980,3.504633,5076383
2002-12-23,3.680720,3.870700,3.656980,3.775710,3.618416,5091253
2002-12-30,3.799460,3.823200,3.656980,3.704470,3.550144,1612862
2003-01-06,3.751960,4.060670,3.633230,3.989430,3.823233,17413014
2003-01-13,3.989430,4.274390,3.941940,4.084420,3.914266,14913711
2003-01-20,4.036920,4.226900,4.036920,4.203150,4.028049,8448576
2003-01-27,4.131910,4.226900,3.989430,4.226900,4.050810,7982824
2003-02-03,4.274390,4.274390,4.084420,4.203150,4.028049,14650514
2003-02-10,4.203150,4.203150,3.846950,3.894440,3.732200,10056174
2003-02-17,3.918190,4.013180,3.870700,3.894440,3.732200,5080726
2003-02-24,3.941940,4.084420,3.941940,4.036920,3.868745,5523946
2003-03-03,4.084420,4.108160,3.490750,3.728220,3.572905,15627496
2003-03-10,3.775710,3.775710,3.538240,3.609480,3.459111,13437710
2003-03-17,3.633230,3.918190,3.538240,3.799460,3.641177,5602906
2003-03-24,3.799460,3.918190,3.656980,3.799460,3.641177,6137719
2003-03-31,3.775710,3.846950,3.633230,3.728220,3.572905,3684737
2003-04-07,3.704470,3.775710,3.656980,3.728220,3.572905,2739339
2003-04-14,3.704470,3.728220,3.656980,3.728220,3.572905,1027515
2003-04-21,3.728220,3.728220,3.514500,3.609480,3.459111,3663681
2003-04-28,3.561990,3.656980,3.467000,3.585740,3.436361,5197585
2003-05-05,3.609480,3.680720,3.467000,3.514500,3.368088,3802648
2003-05-12,3.561990,3.561990,3.253290,3.300780,3.163272,10813123
2003-05-19,3.277030,3.775710,3.229540,3.751960,3.611722,10544665
2003-05-26,3.799460,3.846950,3.656980,3.751960,3.611722,6220889
2003-06-02,3.799460,3.823200,3.656980,3.704470,3.566007,13646160
2003-06-09,3.680720,3.846950,3.514500,3.823200,3.680299,13430340
2003-06-16,3.846950,3.846950,3.514500,3.561990,3.428853,6790970
2003-06-23,3.609480,3.775710,3.538240,3.609480,3.474567,6791497
2003-06-30,3.656980,3.846950,3.514500,3.775710,3.634584,11384784
2003-07-07,3.751960,3.823200,3.609480,3.704470,3.566007,12833412
2003-07-14,3.704470,4.274390,3.704470,4.108160,3.954608,37512518
2003-07-21,4.108160,4.131910,3.894440,3.918190,3.771739,10066702
2003-07-28,4.013180,4.084420,3.918190,4.084420,3.931756,14543130
2003-08-04,4.084420,4.345630,4.060670,4.250640,4.091763,11061791
2003-08-11,4.250640,4.559350,4.250640,4.464360,4.297494,9708755
2003-08-18,4.464360,4.464360,4.203150,4.369380,4.206065,12008032
2003-08-25,4.416870,4.416870,3.965680,4.060670,3.908893,10913138
2003-09-01,4.108160,4.226900,3.941940,3.965680,3.817454,18448951
2003-09-08,3.989430,4.084420,3.728220,4.084420,3.931756,18235237
2003-09-15,4.084420,4.131910,3.918190,4.131910,3.977471,14252563
2003-09-22,4.084420,4.298140,4.036920,4.226900,4.068910,13596558
2003-09-29,4.274390,4.488110,4.203150,4.298140,4.137487,4905859
2003-10-06,4.369380,4.369380,3.989430,4.203150,4.046048,14556080
2003-10-13,4.226900,4.416870,4.131910,4.369380,4.206065,13673217
2003-10-20,4.369380,5.034280,4.345630,4.891800,4.722596,37295855
2003-10-27,5.224250,5.271750,4.606840,4.939290,4.768443,12997645
2003-11-03,4.939290,4.939290,4.464360,4.464360,4.309940,8089577
2003-11-10,4.464360,4.488110,3.918190,4.131910,3.988989,23062243
2003-11-17,4.131910,4.179400,3.918190,4.060670,3.920213,4394312
2003-11-24,4.084420,4.250640,4.036920,4.155660,4.011918,8868636
2003-12-01,4.155660,4.203150,3.894440,3.941940,3.805590,26795408
2003-12-08,3.941940,4.440620,3.894440,4.345630,4.195317,31886661
2003-12-15,4.416870,4.416870,3.799460,3.823200,3.690957,50030555
2003-12-22,3.823200,3.894440,3.728220,3.775710,3.645110,11658192
2003-12-29,3.680720,3.870700,3.514500,3.751960,3.622181,16374971
2004-01-05,3.728220,3.941940,3.680720,3.799460,3.668038,25838430
2004-01-12,3.799460,3.799460,3.561990,3.585740,3.461711,13182937
2004-01-19,3.585740,3.728220,3.514500,3.680720,3.553406,9361337
2004-01-26,3.728220,4.131910,3.656980,4.060670,3.920213,33136660
2004-02-02,4.036920,4.060670,3.633230,3.799460,3.668038,36945279
2004-02-09,3.846950,3.870700,3.751960,3.823200,3.690957,16162309
2004-02-16,3.870700,4.155660,3.775710,4.060670,3.920213,37030555
2004-02-23,4.060670,4.464360,3.918190,4.369380,4.218246,26973674
2004-03-01,4.559350,4.891800,4.440620,4.678080,4.516267,24809860
2004-03-08,4.725570,4.749320,3.894440,4.131910,3.988989,19289071
2004-03-15,4.274390,4.274390,3.799460,3.846950,3.713886,12999751
2004-03-22,3.846950,4.060670,3.775710,3.965680,3.828509,11039472
2004-03-29,3.989430,4.036920,3.799460,4.013180,3.874366,5992436
2004-04-05,3.989430,4.274390,3.965680,4.108160,3.966061,2312962
2004-04-12,4.203150,4.203150,3.751960,3.823200,3.690957,4060580
2004-04-19,3.823200,3.894440,3.633230,3.894440,3.759733,4556441
2004-04-26,3.846950,3.870700,3.277030,3.561990,3.438783,4962815
2004-05-03,3.538240,3.633230,3.395760,3.490750,3.370007,3920561
2004-05-10,3.514500,3.514500,2.920830,2.992070,2.898211,4889120
2004-05-17,2.944580,3.253290,2.897090,3.253290,3.151237,9721389
2004-05-24,3.277030,3.538240,3.182050,3.514500,3.404253,8146427
2004-05-31,3.514500,3.561990,3.253290,3.300780,3.197237,4897542
2004-06-07,3.348270,3.490750,3.277030,3.467000,3.358243,9997218
2004-06-14,3.490750,3.609480,3.134550,3.205790,3.105227,14086222
2004-06-21,3.205790,3.229540,3.087060,3.205790,3.105227,7664253
2004-06-28,3.300780,3.348270,3.182050,3.229540,3.128232,9764553
2004-07-05,3.182050,3.324520,3.182050,3.277030,3.174232,5351186
2004-07-12,3.277030,3.324520,3.134550,3.182050,3.082232,2855144
2004-07-19,3.182050,3.277030,3.110810,3.134550,3.036222,7862176
2004-07-26,3.110810,3.110810,2.992070,3.063310,2.967216,12747084
2004-08-02,3.039570,3.087060,2.992070,3.015820,2.921216,7676887
2004-08-09,3.039570,3.110810,2.897090,2.968330,2.875216,9925628
2004-08-16,2.992070,3.039570,2.825850,3.015820,2.921216,5434461
2004-08-23,2.992070,3.039570,2.944580,3.039570,2.944221,4535386
2004-08-30,3.015820,3.087060,2.968330,2.968330,2.875216,3840549
2004-09-06,2.968330,3.372020,2.968330,3.324520,3.220232,41867035
2004-09-13,3.324520,3.823200,3.229540,3.799460,3.680274,14482070
2004-09-20,3.751960,3.799460,3.443260,3.467000,3.358243,6483032
2004-09-27,3.561990,3.846950,3.419510,3.823200,3.703269,6739910
2004-10-04,3.799460,3.799460,3.561990,3.585740,3.473258,4828057
2004-10-11,3.561990,3.799460,3.419510,3.561990,3.450253,4468008
2004-10-18,3.561990,3.633230,3.514500,3.585740,3.473258,1692874
2004-10-25,3.561990,3.561990,3.229540,3.372020,3.266242,18367883
2004-11-01,3.348270,3.395760,3.205790,3.300780,3.197237,10906822
2004-11-08,3.300780,3.395760,3.229540,3.277030,3.174232,29313661
2004-11-15,3.300780,3.300780,3.205790,3.229540,3.128232,17048751
2004-11-22,3.253290,3.253290,3.063310,3.182050,3.082232,19303810
2004-11-29,3.205790,3.324520,3.205790,3.229540,3.128232,9102353
2004-12-06,3.229540,3.253290,3.039570,3.039570,2.944221,4613291
2004-12-13,3.039570,3.087060,2.968330,3.015820,2.921216,6624104
2004-12-20,2.992070,3.087060,2.968330,2.992070,2.898211,4729098
2004-12-27,2.968330,3.039570,2.897090,3.015820,2.921216,1945541
2005-01-03,3.039570,3.087060,2.897090,2.968330,2.875216,3048856
2005-01-10,2.992070,3.134550,2.968330,3.039570,2.944221,4379573
2005-01-17,3.039570,3.039570,2.920830,2.944580,2.852210,3910033
2005-01-24,2.944580,3.063310,2.897090,3.039570,2.944221,3808965
2005-01-31,3.015820,3.395760,2.968330,3.348270,3.243237,18830059
2005-02-07,3.324520,3.348270,3.277030,3.324520,3.220232,8559118
2005-02-14,3.324520,3.324520,3.205790,3.253290,3.151237,8104315
2005-02-21,3.229540,3.348270,3.229540,3.253290,3.151237,6169303
2005-02-28,3.253290,3.324520,3.229540,3.253290,3.151237,5752401
2005-03-07,3.253290,3.277030,3.229540,3.229540,3.128232,2478650
2005-03-14,3.253290,3.300780,3.134550,3.253290,3.151237,4617502
2005-03-21,3.277030,3.277030,2.873340,2.873340,2.783206,8114844
2005-03-28,2.873340,2.873340,2.612130,2.730860,2.645195,16350757
2005-04-04,2.730860,2.920830,2.707110,2.897090,2.806211,9163415
2005-04-11,2.849590,2.920830,2.849590,2.849590,2.760201,6110347
2005-04-18,2.802100,2.897090,2.707110,2.849590,2.760201,5358660
2005-04-25,2.849590,2.849590,2.707110,2.778350,2.691195,3063595
2005-05-02,2.778350,2.849590,2.707110,2.849590,2.760201,2033976
2005-05-09,2.825850,3.039570,2.754610,2.897090,2.806211,1798151
2005-05-16,2.897090,3.015820,2.730860,2.754610,2.668200,2189787
2005-05-23,2.730860,2.754610,2.659620,2.707110,2.622190,1545784
2005-05-30,2.683370,2.730860,2.612130,2.707110,2.622190,2076086
2005-06-06,2.730860,2.754610,2.635870,2.659620,2.576190,2668381
2005-06-13,2.659620,2.730860,2.635870,2.707110,2.622190,2116257
2005-06-20,2.730860,2.873340,2.683370,2.707110,2.622190,3577354
2005-06-27,2.659620,2.778350,2.659620,2.730860,2.645195,2252954
2005-07-04,2.683370,2.778350,2.517140,2.564630,2.484179,3882660
2005-07-11,2.564630,2.612130,2.540890,2.540890,2.461184,2819711
2005-07-18,2.540890,2.540890,2.398410,2.445900,2.369174,8455945
2005-07-25,2.445900,2.588380,2.303420,2.540890,2.461184,14650516
2005-08-01,2.540890,2.588380,2.445900,2.493390,2.415174,9502410
2005-08-08,2.517140,2.825850,2.517140,2.659620,2.576190,23458089
2005-08-15,2.588380,2.659620,2.398410,2.493390,2.415174,12755507
2005-08-22,2.517140,2.540890,2.422150,2.517140,2.438179,8081155
2005-08-29,2.517140,2.540890,2.469650,2.493390,2.415174,4676457
2005-09-05,2.493390,2.659620,2.493390,2.588380,2.507185,6274581
2005-09-12,2.517140,2.802100,2.445900,2.612130,2.530190,8487528
2005-09-19,2.612130,2.754610,2.612130,2.754610,2.668200,5522895
2005-09-26,2.730860,2.778350,2.635870,2.754610,2.668200,4031102
2005-10-03,2.707110,2.802100,2.707110,2.802100,2.714200,3661050
2005-10-10,2.802100,2.802100,2.707110,2.754610,2.668200,1608650
2005-10-17,2.754610,2.778350,2.612130,2.730860,2.645195,3724742
2005-10-24,2.707110,2.730860,2.588380,2.635870,2.553185,3644731
2005-10-31,2.588380,2.849590,2.588380,2.825850,2.737205,3944775
2005-11-07,2.825850,2.849590,2.730860,2.778350,2.691195,1861319
2005-11-14,2.754610,3.087060,2.730860,3.087060,2.990221,4973342
2005-11-21,3.087060,3.087060,2.944580,2.992070,2.898211,3987937
2005-11-28,2.992070,3.063310,2.944580,3.015820,2.921216,1342980
2005-12-05,2.968330,3.015820,2.944580,3.015820,2.921216,2427714
2005-12-12,3.015820,3.277030,2.992070,3.182050,3.082232,5632384
2005-12-19,3.205790,3.205790,3.087060,3.134550,3.036222,1269654
2005-12-26,3.134550,3.158300,3.039570,3.134550,3.036222,1585490
2006-01-02,3.134550,3.253290,3.087060,3.182050,3.082232,7951663
2006-01-09,3.229540,3.324520,3.158300,3.253290,3.151237,12968168
2006-01-16,3.277030,3.277030,3.039570,3.158300,3.059227,4287981
2006-01-23,3.087060,3.158300,2.849590,2.968330,2.875216,18842692
2006-01-30,2.968330,2.968330,2.778350,2.802100,2.714200,14067273
2006-02-06,2.802100,2.873340,2.683370,2.707110,2.622190,18369994
2006-02-13,2.754610,2.849590,2.707110,2.730860,2.645195,20002859
2006-02-20,2.730860,3.277030,2.635870,3.205790,3.105227,47040405
2006-02-27,3.253290,3.253290,2.873340,2.897090,2.806211,29462788
2006-03-06,2.920830,3.110810,2.825850,3.039570,2.944221,31014957
2006-03-13,3.039570,3.039570,2.920830,2.992070,2.898211,12979223
2006-03-20,3.015820,3.799460,3.015820,3.775710,3.657269,57855108
2006-03-27,3.775710,4.060670,3.775710,3.894440,3.772274,22986442
2006-04-03,3.846950,4.036920,3.751960,3.965680,3.841280,9247636
2006-04-10,3.799460,4.369380,3.775710,4.226900,4.094305,21788376
2006-04-17,4.226900,4.345630,4.131910,4.203150,4.071300,10887871
2006-04-24,4.203150,4.203150,3.751960,3.989430,3.864285,11836960
2006-05-01,4.036920,4.084420,3.965680,4.060670,3.933290,12189110
2006-05-08,3.989430,5.176760,3.965680,4.749320,4.600338,41622789
2006-05-15,4.654330,4.796810,4.226900,4.226900,4.094305,21371475
2006-05-22,4.274390,4.321880,3.870700,4.155660,4.025301,7981786
2006-05-29,4.084420,4.226900,3.989430,4.226900,4.094305,3802649
2006-06-05,4.179400,4.393120,3.965680,4.108160,3.979290,6525144
2006-06-12,4.108160,4.369380,3.799460,4.369380,4.232316,4832796
2006-06-19,4.345630,4.701830,4.179400,4.559350,4.416326,12516789
2006-06-26,4.630590,4.796810,4.416870,4.725570,4.577332,5287181
2006-07-03,4.796810,4.796810,4.464360,4.606840,4.462327,5918740
2006-07-10,4.606840,4.725570,4.511860,4.559350,4.416326,9173942
2006-07-17,4.511860,4.559350,4.250640,4.511860,4.370327,4404839
2006-07-24,4.464360,4.720830,4.274390,4.654330,4.508327,6634633
2006-07-31,4.654330,4.815810,4.616340,4.730320,4.581933,16139148
2006-08-07,4.730320,5.214750,4.692330,5.167260,5.005167,13317692
2006-08-14,5.176760,5.860660,5.176760,5.699190,5.520411,45631535
2006-08-21,5.699190,6.031640,5.556710,6.003140,5.814826,25867170
2006-08-28,6.003140,6.107630,5.585200,5.765680,5.584815,22428467
2006-09-04,5.746680,5.879660,5.509210,5.680190,5.502007,16237774
2006-09-11,5.699190,5.889160,5.642190,5.727680,5.548007,26120680
2006-09-18,5.746680,5.889160,5.623200,5.689690,5.511208,19925511
2006-09-25,5.651690,5.822670,5.585200,5.756180,5.575613,9608186
2006-10-02,5.756180,6.060130,5.746680,5.860660,5.676816,14000947
2006-10-09,5.870160,6.012640,5.708680,6.003140,5.814826,13025020
2006-10-16,5.984140,6.934010,5.756180,6.839020,6.624485,31984465
2006-10-23,6.848520,7.123980,6.250110,6.497070,6.293262,20303954
2006-10-30,6.497070,6.744040,6.174120,6.630050,6.422070,29300480
2006-11-06,6.630050,7.076490,6.554060,6.981500,6.762496,17783509
2006-11-13,7.029000,7.636910,6.981500,7.636910,7.397346,27288110
2006-11-20,7.617910,7.760390,7.294960,7.408940,7.176528,27006342
2006-11-27,7.408940,8.244820,7.123980,8.244820,7.986186,30901931
2006-12-04,8.197330,8.425300,7.627410,7.788890,7.544559,106857688
2006-12-11,7.750890,8.206830,7.427940,7.978860,7.728570,33078290
2006-12-18,8.045350,8.691260,7.978860,8.453790,8.188600,31444492
2006-12-25,8.453790,9.308670,8.453790,9.308670,9.016665,16780292
2007-01-01,9.308670,10.448500,8.567780,8.691260,8.418623,25858641
2007-01-08,8.653260,9.156690,8.168830,8.738750,8.464623,48865929
2007-01-15,8.776750,9.764600,8.776750,8.862230,8.584229,23383340
2007-01-22,8.881230,9.033210,8.178330,8.358810,8.096601,24018169
2007-01-29,8.358810,9.308670,8.358810,9.061710,8.777452,40001505
2007-02-05,9.118700,9.213680,8.928720,9.023710,8.740644,16236531
2007-02-12,9.023710,9.365660,8.358810,9.289670,8.998260,30163995
2007-02-19,9.289670,9.289670,8.643760,8.662760,8.391016,6843084
2007-02-26,8.643760,8.719750,7.266460,7.408940,7.176528,38604462
2007-03-05,7.408940,7.931370,6.630050,7.750890,7.507750,29319979
2007-03-12,7.883870,8.358810,7.484930,8.178330,7.921782,19403692
2007-03-19,8.178330,8.833740,7.969360,8.700760,8.427823,13395599
2007-03-26,8.738750,9.413150,8.643760,8.900230,8.621037,31756748
2007-04-02,9.014210,9.308670,8.748250,9.261180,8.970665,8085366
2007-04-09,9.261180,10.106600,9.213680,9.897590,9.587111,25142539
2007-04-16,9.726610,9.973570,8.719750,9.128200,8.841855,16817140
2007-04-23,9.213680,9.489140,8.814740,9.261180,8.970665,11393207
2007-04-30,9.289670,9.403660,8.909730,9.071200,8.786643,7882179
2007-05-07,9.118700,9.185190,8.548780,8.605770,8.335813,13523248
2007-05-14,8.700760,9.289670,8.463290,8.729250,8.455420,35584031
2007-05-21,8.738750,11.493400,8.700760,11.113400,10.764782,51670541
2007-05-28,11.246400,11.968300,10.980400,11.778300,11.408824,16815035
2007-06-04,11.398400,11.778300,10.733500,10.904400,10.562338,17027696
2007-06-11,10.885400,13.488100,10.885400,12.937200,12.531368,10421521
2007-06-18,13.013100,14.532900,13.013100,13.925000,13.488184,12452305
2007-06-25,13.735000,14.248000,12.443200,13.507100,13.083391,21247644
2007-07-02,13.507100,13.982000,13.260100,13.374100,12.954564,9820737
2007-07-09,15.672800,17.648500,14.134000,16.147699,15.641156,19518578
2007-07-16,15.862700,20.137100,15.862700,18.978300,18.382961,29772080
2007-07-23,18.142401,19.092300,17.097601,18.142401,17.573286,43886271
2007-07-30,17.952400,18.522400,17.002600,18.085400,17.518074,18319735
2007-08-06,17.762501,18.028400,17.002600,17.192499,16.653185,16540259
2007-08-13,17.211500,17.363501,12.614200,13.583100,13.157008,25367084
2007-08-20,14.342900,17.382500,13.963000,17.173500,16.634781,28341548
2007-08-27,17.572500,19.472200,17.192499,18.332399,17.757322,29151159
2007-09-03,18.389400,18.522400,16.869600,17.401501,16.855627,16879380
2007-09-10,17.135500,19.472200,16.907600,18.522400,17.941370,21410428
2007-09-17,18.522400,21.799400,18.047400,20.944500,20.287487,22540904
2007-09-24,21.277000,22.701799,19.329700,22.511801,21.805622,15140552
2007-10-01,22.511801,25.551300,20.279600,22.131800,21.437542,13466407
2007-10-08,22.321800,24.696501,21.134501,23.746599,23.001684,22414781
2007-10-15,23.651600,25.171400,22.321800,25.076401,24.289774,24403276
2007-10-22,24.221500,24.981400,22.939199,23.841600,23.093704,22219574
2007-10-29,23.841600,25.171400,22.606800,23.034201,22.311638,24557568
2007-11-05,22.986700,23.271700,20.469601,21.229500,20.563545,38171865
2007-11-12,20.896999,22.701799,19.472200,21.181999,20.517534,21569632
2007-11-19,21.087000,21.324400,17.287500,18.028400,17.462864,18581602
2007-11-26,18.712299,22.274300,18.617300,20.042101,19.413395,32485566
2007-12-03,19.947100,24.696501,19.947100,21.704399,21.023546,23799189
2007-12-10,22.796700,22.796700,19.092300,20.422100,19.781473,17198855
2007-12-17,19.282200,21.039499,19.282200,19.899700,19.275463,17650578
2007-12-24,20.327101,20.564600,19.424700,19.519699,18.907383,3875290
2007-12-31,19.567200,20.612000,18.161400,18.484400,17.904554,7031946
2008-01-07,18.142401,19.092300,16.698601,19.092300,18.493387,16061250
2008-01-14,18.712299,20.422100,17.572500,18.636299,18.051691,31315138
2008-01-21,19.804701,19.804701,15.292800,17.876400,17.315632,23443633
2008-01-28,17.572500,17.952400,14.532900,15.425800,14.941904,19517525
2008-02-04,15.577800,16.793600,15.235800,15.938700,15.438714,7853648
2008-02-11,15.938700,17.496500,14.912900,17.439501,16.892435,14040953
2008-02-18,17.344500,18.997299,17.078600,18.522400,17.941370,20869980
2008-02-25,18.693300,20.612000,18.047400,19.472200,18.861374,19921942
2008-03-03,19.472200,19.472200,17.344500,17.857500,17.297325,10176679
2008-03-10,17.154600,17.857500,16.052700,16.850599,16.322008,11966974
2008-03-17,16.071699,16.565599,12.937200,15.995700,15.493926,15758174
2008-03-24,15.995700,17.914400,15.995700,17.059601,16.524454,10451358
2008-03-31,16.907600,18.047400,16.166700,17.458500,16.910839,17329956
2008-04-07,17.572500,18.902300,17.287500,18.218399,17.646900,11913860
2008-04-14,17.952400,17.952400,16.622601,17.268499,16.726799,10453200
2008-04-21,17.591499,19.804701,17.401501,19.709700,19.091423,14345208
2008-04-28,19.899700,20.659500,19.187300,20.469601,19.827484,5360766
2008-05-05,20.089600,21.846901,19.139799,19.472200,18.861374,13470346
2008-05-12,19.472200,23.746599,18.997299,22.464300,21.864239,19225395
2008-05-19,22.749300,23.746599,20.232100,22.036800,21.448158,11532160
2008-05-26,20.896999,22.606800,20.896999,21.087000,20.523729,6834899
2008-06-02,21.561899,22.606800,21.134501,22.036800,21.448158,4695432
2008-06-09,22.036800,22.084299,17.762501,18.332399,17.842707,18089346
2008-06-16,18.389400,19.519699,17.781500,18.997299,18.489847,11066186
2008-06-23,18.997299,18.997299,17.724501,18.180401,17.694771,17626609
2008-06-30,18.047400,18.142401,14.494900,15.672800,15.254153,18148382
2008-07-07,16.147699,16.964600,15.919700,16.280701,15.845816,8463105
2008-07-14,16.280701,16.869600,15.976700,16.147699,15.716365,8900550
2008-07-21,16.147699,17.439501,16.147699,16.717600,16.271044,4838586
2008-07-28,17.078600,17.572500,16.147699,16.774599,16.326521,8968650
2008-08-04,16.698601,16.907600,16.223700,16.793600,16.345011,6576729
2008-08-11,16.812599,16.812599,14.684900,14.988900,14.588521,7198923
2008-08-18,15.007900,15.254800,13.602100,13.773000,13.405100,10708899
2008-08-25,13.545100,16.337700,12.918100,15.444800,15.032243,18699514
2008-09-01,15.843700,16.470600,14.418900,15.444800,15.032243,11331246
2008-09-08,15.672800,16.071699,14.248000,14.874900,14.477565,8698085
2008-09-15,14.874900,14.874900,9.859590,13.925000,13.553040,14633671
2008-09-22,14.096000,14.456900,12.481200,13.184100,12.831931,12430540
2008-09-29,13.146100,15.216800,12.899200,13.944000,13.571533,38869796
2008-10-06,13.868000,13.868000,10.657500,11.227400,10.927496,8869514
2008-10-13,10.695500,13.298100,10.448500,12.006300,11.685592,11575865
2008-10-20,12.234300,13.260100,10.353500,10.600500,10.317344,13446133
2008-10-27,10.638500,16.907600,8.358810,16.907600,16.455969,14194820
2008-11-03,12.785200,12.785200,10.068600,11.018400,10.724079,13887248
2008-11-10,11.360400,12.348200,9.973570,10.543500,10.261865,8525430
2008-11-17,10.182500,10.638500,8.121340,8.833740,8.597775,9994410
2008-11-24,8.833740,8.833740,7.978860,8.453790,8.227974,14881379
2008-12-01,8.387300,8.814740,7.883870,8.339810,8.117040,17655919
2008-12-08,8.548780,10.619500,8.548780,9.802600,9.540756,30829414
2008-12-15,10.182500,11.740300,9.916580,11.398400,11.093929,21148469
2008-12-22,11.398400,11.607300,10.258500,11.018400,10.724079,3576301
2008-12-29,10.733500,11.588300,10.714500,11.284400,10.982974,2560366
2009-01-05,11.322400,11.531400,9.118700,9.536640,9.281901,13377689
2009-01-12,9.593630,10.619500,9.033210,9.612630,9.355860,7221901
2009-01-19,9.232680,9.688620,8.833740,8.919230,8.680982,8139094
2009-01-26,9.023710,9.802600,8.691260,9.498640,9.244914,3640626
2009-02-02,9.498640,9.859590,9.042710,9.859590,9.596223,8360037
2009-02-09,10.068600,10.068600,9.213680,9.498640,9.244914,9007508
2009-02-16,9.498640,10.429500,9.223180,10.182500,9.910508,5802227
2009-02-23,10.163600,10.353500,8.909730,8.909730,8.671736,6684494
2009-03-02,9.167140,9.167140,8.349310,8.710260,8.477595,8885879
2009-03-09,8.900230,9.156690,8.463290,8.890730,8.653244,9099572
2009-03-16,9.023710,11.873300,9.023710,11.265400,10.964481,27494874
2009-03-23,11.607300,13.108100,11.417400,12.709200,12.369715,14137527
2009-03-30,12.310200,13.108100,11.341400,12.633200,12.295745,10133461
2009-04-06,12.728200,13.051100,10.144600,12.785200,12.443685,5560948
2009-04-13,12.785200,13.488100,12.348200,12.595200,12.258760,10628409
2009-04-20,12.595200,13.393100,11.968300,12.747200,12.406700,10518342
2009-04-27,11.873300,12.747200,11.227400,12.348200,12.018358,10218813
2009-05-04,12.348200,12.348200,12.348200,12.348200,12.018358,0
2009-05-11,12.348200,12.348200,12.348200,12.348200,12.018358,0
2009-05-18,12.348200,12.348200,12.348200,12.348200,12.018358,0
2009-05-25,12.348200,14.058000,12.348200,13.773000,13.405100,26197672
2009-06-01,13.773000,15.748700,13.526100,15.102800,14.699378,20689511
2009-06-08,15.102800,15.748700,14.475900,15.026800,14.625408,10766268
2009-06-15,15.159800,16.413700,14.627900,15.881700,15.457472,20664279
2009-06-22,15.862700,16.907600,15.349800,15.577800,15.161690,11552435
2009-06-29,15.577800,17.515499,15.501800,17.382500,16.918182,7503019
2009-07-06,17.800501,18.997299,16.356701,17.496500,17.029139,13117567
2009-07-13,17.667500,18.522400,17.154600,17.933399,17.454367,8759968
2009-07-20,18.218399,19.947100,18.085400,19.709700,19.183218,9767261
2009-07-27,19.757200,22.369301,18.807301,22.226801,21.633085,11709245
2009-08-03,21.941900,22.321800,19.044800,19.519699,18.998295,24272970
2009-08-10,19.662201,20.802000,18.921301,20.327101,19.784130,12019584
2009-08-17,19.852200,21.799400,18.237400,21.466900,20.893480,25834939
2009-08-24,21.941900,22.559299,19.187300,19.947100,19.414278,17641541
2009-08-31,20.042101,21.372000,19.092300,21.134501,20.569962,18508625
2009-09-07,21.181999,22.179300,20.802000,21.181999,20.616192,17940083
2009-09-14,21.181999,22.036800,20.327101,20.849501,20.292576,21263230
2009-09-21,20.849501,21.704399,19.424700,21.277000,20.708654,23474723
2009-09-28,20.849501,20.944500,18.807301,20.042101,19.506742,14276893
2009-10-05,19.662201,23.699100,19.662201,23.414200,22.788765,18024451
2009-10-12,23.034201,24.506500,22.891701,23.081699,22.465147,20009269
2009-10-19,23.034201,28.590900,23.034201,28.021000,27.272511,31492023
2009-10-26,28.021000,28.021000,25.931299,26.311199,25.608381,17874468
2009-11-02,26.121300,26.596201,25.551300,26.311199,25.608381,12700047
2009-11-09,26.311199,26.976200,25.171400,25.788799,25.099937,12906153
2009-11-16,25.836300,26.786200,25.598801,25.978800,25.284859,19731177
2009-11-23,25.836300,28.685900,25.836300,26.596201,25.885773,32164943
2009-11-30,27.783501,28.923401,26.406200,26.643700,25.932001,20492488
2009-12-07,26.786200,26.928600,24.886400,25.598801,24.915012,17446218
2009-12-14,25.171400,26.168800,21.561899,22.891701,22.280224,26466342
2009-12-21,22.464300,23.461700,22.464300,23.224199,22.603842,12351051
2009-12-28,23.319201,23.841600,22.986700,23.841600,23.204750,6625143
2010-01-04,23.984100,25.836300,23.176701,24.743999,24.083046,21655694
2010-01-11,25.266399,25.456400,24.174000,24.411501,23.759426,11725765
2010-01-18,24.411501,24.411501,21.704399,22.939199,22.326454,19728308
2010-01-25,22.511801,23.461700,21.372000,23.319201,22.696304,10852785
2010-02-01,23.319201,23.889099,21.751900,21.941900,21.355795,9657640
2010-02-08,21.514400,23.556601,20.564600,22.796700,22.187759,14199016
2010-02-15,22.844200,23.556601,22.606800,22.749300,22.141626,5139329
2010-02-22,23.699100,23.984100,22.701799,22.891701,22.280224,15578511
2010-03-01,23.129200,25.171400,22.749300,24.791500,24.129274,14137709
2010-03-08,25.456400,26.786200,24.696501,26.643700,25.932001,16042469
2010-03-15,26.596201,28.495899,25.646299,28.448400,27.688496,14006073
2010-03-22,27.926001,29.065800,26.216200,27.308599,26.579142,15078764
2010-03-29,27.261101,28.068501,24.838900,25.028900,24.360336,18517354
2010-04-05,25.028900,27.926001,25.028900,27.261101,26.532909,11396350
2010-04-12,27.356100,28.211000,26.073799,26.596201,25.885773,9860780
2010-04-19,25.693800,26.311199,25.408899,25.788799,25.099937,7511161
2010-04-26,25.693800,26.406200,24.316500,24.743999,24.083046,9885864
2010-05-03,24.126600,25.123899,22.559299,23.271700,22.650072,18362869
2010-05-10,23.420799,25.123899,22.891701,24.221500,23.574501,18060156
2010-05-17,24.126600,24.221500,22.511801,22.654301,22.049166,7120512
2010-05-24,23.269800,24.696501,21.894400,23.889099,23.250978,10080088
2010-05-31,24.126600,24.221500,23.319201,23.889099,23.250978,7944148
2010-06-07,23.176701,24.981400,22.891701,24.791500,24.129274,8621163
2010-06-14,24.838900,25.171400,24.364000,25.171400,24.499027,5331999
2010-06-21,25.551300,26.121300,24.554001,24.981400,24.314102,9677396
2010-06-28,25.028900,25.171400,22.891701,23.841600,23.204750,6119109
2010-07-05,23.509100,25.883801,22.891701,25.551300,24.868782,6754028
2010-07-12,25.361401,25.503901,23.841600,24.268999,23.620733,12676483
2010-07-19,23.936600,25.171400,23.936600,25.076401,24.406567,6776603
2010-07-26,25.266399,25.503901,24.316500,24.886400,24.221640,5098436
2010-08-02,25.218901,25.931299,24.981400,25.551300,24.868782,4566284
2010-08-09,25.646299,25.741301,24.268999,24.743999,24.083046,3232943
2010-08-16,24.743999,25.171400,22.321800,22.796700,22.187759,28003661
2010-08-23,22.559299,22.891701,21.894400,22.464300,21.864239,15265027
2010-08-30,22.559299,24.506500,22.226801,24.411501,23.759426,15549015
2010-09-06,24.364000,25.171400,24.364000,24.791500,24.129274,8867703
2010-09-13,24.886400,25.741301,24.791500,25.456400,24.776417,8100585
2010-09-20,25.266399,25.646299,23.746599,24.079100,23.435905,9438925
2010-09-27,24.079100,24.981400,24.079100,24.696501,24.036812,9510437
2010-10-04,25.456400,25.836300,24.459000,25.408899,24.730183,13718989
2010-10-11,25.456400,28.021000,25.361401,27.213600,26.486677,33815084
2010-10-18,26.738701,29.445801,26.311199,28.353500,27.596130,14535065
2010-10-25,28.021000,28.353500,26.453699,27.071100,26.347986,9355332
2010-11-01,27.071100,28.495899,26.691200,27.261101,26.532909,10729077
2010-11-08,27.166100,27.926001,26.881201,27.403601,26.671604,13011920
2010-11-15,27.403601,27.498600,26.501200,26.881201,26.163158,8291106
2010-11-22,26.643700,26.881201,24.743999,25.218901,24.545261,14621241
2010-11-29,25.171400,26.311199,24.316500,26.121300,25.423555,15609168
2010-12-06,26.406200,26.928600,24.079100,24.411501,23.759426,15622031
2010-12-13,24.268999,24.554001,22.796700,23.129200,22.511379,21691417
2010-12-20,23.081699,23.556601,22.654301,23.176701,22.557611,6064977
2010-12-27,23.176701,23.319201,22.464300,22.701799,22.095394,6603302
2011-01-03,22.844200,24.364000,22.796700,23.604099,22.973591,12538927
2011-01-10,23.176701,23.414200,21.846901,22.321800,21.725546,22404207
2011-01-17,22.226801,22.416800,20.232100,20.374599,19.830359,17100925
2011-01-24,20.469601,21.419399,20.422100,20.612000,20.061419,10739566
2011-01-31,20.137100,21.087000,20.137100,20.944500,20.385038,3551394
2011-02-07,21.087000,22.701799,20.896999,21.324400,20.754787,23051671
2011-02-14,21.419399,22.416800,21.324400,21.894400,21.309565,15118004
2011-02-21,21.894400,22.226801,19.757200,19.947100,19.414278,14038018
2011-02-28,19.804701,21.087000,19.377199,20.896999,20.338806,14108444
2011-03-07,20.896999,21.561899,20.422100,20.849501,20.292576,16140800
2011-03-14,20.469601,21.324400,19.092300,19.994600,19.460510,33176641
2011-03-21,20.232100,22.179300,19.852200,21.466900,20.893480,17637835
2011-03-28,21.229500,21.989401,20.944500,21.656900,21.078407,12755288
2011-04-04,21.656900,22.796700,21.561899,21.799400,21.217102,22710388
2011-04-11,21.751900,21.989401,20.707001,21.181999,20.616192,12037193
2011-04-18,21.087000,21.181999,20.422100,20.612000,20.061419,14445708
2011-04-25,20.422100,20.849501,19.662201,20.279600,19.737896,8069374
2011-05-02,20.279600,20.754499,19.472200,20.707001,20.153883,10067639
2011-05-09,20.849501,20.896999,19.804701,20.089600,19.552971,8843801
2011-05-16,19.852200,20.184601,19.472200,19.662201,19.136992,10745926
2011-05-23,19.424700,19.567200,17.667500,17.762501,17.288033,14325022
2011-05-30,17.838400,18.294399,17.420500,17.667500,17.195570,9998696
2011-06-06,17.686501,18.237400,16.413700,16.793600,16.345011,8334885
2011-06-13,16.717600,18.123400,16.546600,17.952400,17.472860,13362383
2011-06-20,17.952400,17.952400,15.824700,16.546600,16.104612,19014551
2011-06-27,16.584600,16.907600,16.147699,16.698601,16.252552,5417935
2011-07-04,17.097601,18.902300,16.869600,18.465401,17.972160,14069534
2011-07-11,18.332399,18.427401,16.964600,17.629499,17.158585,9476301
2011-07-18,17.648500,18.313400,17.211500,18.294399,17.805723,7217589
2011-07-25,17.952400,18.123400,16.926600,17.040600,16.585413,9038984
2011-08-01,17.097601,17.344500,15.976700,16.242701,15.808831,11059475
2011-08-08,16.052700,16.052700,14.229000,14.589900,14.200179,10179907
2011-08-15,14.779900,16.812599,14.722900,15.824700,15.401996,12991936
2011-08-22,15.482800,17.534500,15.463800,16.603600,16.160089,14009038
2011-08-29,17.382500,17.382500,15.862700,16.204700,15.771845,6241333
2011-09-05,16.147699,16.508600,15.672800,16.299700,15.864305,7390699
2011-09-12,16.071699,16.147699,14.305000,15.121800,14.717873,8702166
2011-09-19,14.855900,15.159800,13.127100,13.374100,13.016855,3533081
2011-09-26,12.671200,14.817900,12.671200,14.248000,13.867412,6638843
2011-10-03,13.013100,14.722900,12.804200,14.627900,14.237164,5357895
2011-10-10,14.931900,16.432600,14.153000,16.147699,15.716365,6269579
2011-10-17,16.147699,16.717600,15.615800,15.957700,15.531443,4317975
2011-10-24,16.185699,16.375700,15.444800,16.223700,15.790336,19248268
2011-10-31,16.090700,17.553499,15.121800,17.515499,17.047630,14865093
2011-11-07,17.287500,17.287500,15.653800,15.710700,15.291039,8310976
2011-11-14,15.976700,16.166700,14.380900,14.513900,14.126207,8042149
2011-11-21,14.342900,14.380900,13.393100,13.735000,13.368114,4395576
2011-11-28,13.735000,15.178800,13.659000,15.007900,14.607013,7551038
2011-12-05,14.817900,16.071699,14.798900,15.007900,14.607013,10123130
2011-12-12,15.140800,15.311800,14.058000,14.286000,13.904397,4924315
2011-12-19,14.153000,14.532900,13.868000,14.077000,13.700978,5654776
2011-12-26,14.077000,14.077000,13.640000,13.678100,13.312734,1649008
2012-01-02,13.678100,14.153000,12.994100,13.108100,12.757960,5105173
2012-01-09,13.108100,14.058000,12.177300,12.614200,12.277252,18466966
2012-01-16,12.424200,13.165100,11.721300,13.070100,12.720975,46535851
2012-01-23,13.070100,13.716000,13.070100,13.716000,13.349622,10923713
2012-01-30,13.697000,14.191000,13.431100,14.172000,13.793442,24278589
2012-02-06,14.229000,15.729700,14.001000,15.083800,14.680886,19375846
2012-02-13,14.950900,16.565599,14.684900,16.546600,16.104612,13037798
2012-02-20,16.717600,17.648500,16.451700,17.154600,16.696371,17118164
2012-02-27,17.097601,17.287500,16.394699,16.907600,16.455969,7009256
2012-03-05,16.907600,17.059601,14.437900,15.387800,14.976766,17770598
2012-03-12,15.444800,16.242701,15.045800,15.235800,14.828826,8844211
2012-03-19,15.292800,15.387800,14.058000,14.191000,13.811935,7765530
2012-03-26,14.342900,14.817900,14.058000,14.418900,14.033746,10590356
2012-04-02,13.773000,14.703900,13.773000,14.399900,14.015255,3682526
2012-04-09,14.399900,15.577800,13.754000,14.741900,14.348120,4515504
2012-04-16,14.551900,15.634800,14.418900,15.444800,15.032243,6587427
2012-04-23,15.577800,15.577800,14.475900,15.159800,14.754855,6190358
2012-04-30,15.197800,15.672800,15.026800,15.349800,14.939780,6830893
2012-05-07,14.988900,15.007900,13.393100,13.507100,13.146301,6643160
2012-05-14,13.488100,14.361900,13.279100,13.374100,13.016855,8229352
2012-05-21,13.469100,13.640000,12.158300,12.519200,12.184790,6484757
2012-05-28,12.424200,12.595200,12.120300,12.329200,11.999866,24684426
2012-06-04,11.968300,12.063300,11.113400,11.664300,11.352726,14504312
2012-06-11,11.911300,12.405200,11.664300,12.329200,11.999866,9041752
2012-06-18,12.709200,12.709200,11.968300,12.006300,11.685592,6821186
2012-06-25,11.873300,12.101300,11.588300,11.911300,11.593128,8433811
2012-07-02,11.911300,12.120300,11.816300,11.911300,11.593128,8406775
2012-07-09,11.740300,11.740300,10.847500,11.398400,11.093929,8716092
2012-07-16,11.531400,11.683300,11.227400,11.531400,11.223375,9867753
2012-07-23,11.398400,11.398400,9.764600,10.258500,9.984478,9564267
2012-07-30,10.334500,11.208400,10.163600,10.999400,10.705587,15274028
2012-08-06,11.208400,11.455400,11.113400,11.379400,11.075437,12314180
2012-08-13,11.493400,11.493400,9.707610,10.106600,9.836635,18961193
2012-08-20,9.992570,10.277500,9.878590,9.973570,9.707159,7209213
2012-08-27,9.973570,10.068600,9.555630,9.821600,9.559248,8778449
2012-09-03,9.802600,10.353500,9.593630,10.334500,10.058447,17139846
2012-09-10,10.315500,10.904400,10.011600,10.866500,10.576238,25720093
2012-09-17,11.018400,11.379400,10.467500,10.733500,10.446789,7492918
2012-09-24,10.714500,11.645300,10.695500,11.569400,11.260361,7621921
2012-10-01,11.569400,11.930300,11.208400,11.740300,11.426696,6546487
2012-10-08,11.721300,12.804200,11.379400,12.747200,12.406700,6190798
2012-10-15,12.652200,12.842200,11.987300,12.386200,12.055343,11225082
2012-10-22,12.329200,13.203100,12.177300,12.462200,12.129313,7275776
2012-10-29,12.348200,13.317100,12.063300,13.279100,12.924393,11699251
2012-11-05,13.355100,13.355100,12.139300,12.310200,11.981373,6463581
2012-11-12,12.348200,12.633200,12.158300,12.215300,11.889009,5270427
2012-11-19,12.101300,12.595200,11.968300,12.424200,12.092329,7482373
2012-11-26,12.481200,12.557200,11.968300,12.234300,11.907500,8341621
2012-12-03,12.082300,12.595200,12.044300,12.348200,12.018358,11355130
2012-12-10,12.386200,13.925000,12.310200,13.355100,12.998362,21069021
2012-12-17,13.450100,14.286000,13.355100,14.058000,13.682486,15940766
2012-12-24,13.906000,14.817900,13.697000,14.551900,14.163194,5991667
2012-12-31,14.380900,16.318701,14.380900,15.197800,14.791841,21764007
2013-01-07,15.197800,15.387800,14.323900,14.798900,14.403595,28502459
2013-01-14,14.798900,15.748700,14.798900,15.368800,14.958273,19703226
2013-01-21,15.463800,16.090700,14.627900,14.722900,14.329626,20102963
2013-01-28,14.646900,15.691800,14.646900,15.463800,15.050736,16523107
2013-02-04,15.634800,15.843700,14.988900,15.273800,14.865810,8128077
2013-02-11,15.273800,15.824700,15.064800,15.634800,15.217168,5658114
2013-02-18,15.767700,15.824700,14.437900,14.722900,14.329626,14388792
2013-02-25,14.627900,14.931900,13.887000,14.646900,14.255656,9897354
2013-03-04,14.646900,14.931900,14.020000,14.798900,14.403595,8894328
2013-03-11,14.665900,14.893900,13.108100,13.317100,12.961377,17343220
2013-03-18,12.918100,13.298100,12.386200,12.709200,12.369715,15236922
2013-03-25,12.766200,12.899200,12.386200,12.595200,12.258760,7955031
2013-04-01,12.595200,12.595200,11.132400,11.265400,10.964481,9769669
2013-04-08,11.265400,12.443200,11.018400,12.025300,11.704083,11983659
2013-04-15,12.025300,12.177300,11.474400,12.006300,11.685592,10533079
2013-04-22,12.348200,12.899200,12.101300,12.519200,12.184790,8361615
2013-04-29,12.348200,12.709200,12.063300,12.253300,11.925993,6486102
2013-05-06,12.329200,12.747200,12.196300,12.329200,11.999866,15349941
2013-05-13,12.215300,12.329200,11.759300,11.930300,11.611621,10621893
2013-05-20,11.854300,12.291200,11.417400,11.740300,11.426696,16418199
2013-05-27,11.740300,13.640000,11.740300,13.108100,12.757960,56166402
2013-06-03,12.842200,13.165100,12.329200,12.367200,12.036851,15939739
2013-06-10,12.443200,12.576200,11.683300,12.158300,11.833531,18188546
2013-06-17,12.253300,12.462200,10.961400,11.227400,10.927496,22727608
2013-06-24,11.398400,11.588300,10.505500,11.398400,11.093929,15504044
2013-07-01,11.398400,11.493400,10.353500,10.581500,10.298849,9889294
2013-07-08,10.448500,10.828500,9.916580,10.391500,10.113925,20810118
2013-07-15,10.448500,10.904400,10.258500,10.904400,10.613125,15358826
2013-07-22,10.904400,11.094400,10.600500,10.752500,10.465281,10961618
2013-07-29,10.733500,10.771500,10.182500,10.372500,10.095432,11828663
2013-08-05,10.448500,10.562500,10.163600,10.296500,10.021462,7985490
2013-08-12,10.277500,11.531400,10.277500,11.455400,11.149406,18794370
2013-08-19,11.417400,11.512400,10.467500,10.809500,10.520759,11488838
2013-08-26,10.809500,11.189400,9.859590,10.087600,9.818142,22678398
2013-09-02,10.163600,10.581500,10.011600,10.410500,10.132417,11196881
2013-09-09,10.429500,11.607300,10.429500,11.265400,10.964481,20248667
2013-09-16,11.493400,11.493400,11.094400,11.322400,11.019959,11425293
2013-09-23,11.303400,11.569400,10.714500,10.752500,10.465281,13221396
2013-09-30,10.733500,11.075400,10.353500,11.075400,10.779558,20138673
2013-10-07,11.037400,11.037400,10.524500,10.809500,10.520759,15061735
2013-10-14,10.809500,11.227400,10.752500,10.771500,10.483775,10443939
2013-10-21,10.866500,11.208400,10.562500,10.790500,10.502267,14966113
2013-10-28,10.809500,12.386200,10.600500,12.329200,11.999866,23925676
2013-11-04,12.424200,12.956200,12.234300,12.557200,12.221776,27478640
2013-11-11,12.443200,14.115000,12.310200,14.096000,13.719472,39538506
2013-11-18,14.418900,14.741900,13.887000,14.342900,13.959776,41279240
2013-11-25,14.437900,14.475900,13.868000,14.172000,13.793442,24035314
2013-12-02,14.248000,15.957700,14.153000,15.349800,14.939780,39609152
2013-12-09,15.463800,15.748700,14.494900,15.235800,14.828826,17614470
2013-12-16,15.539800,15.615800,14.305000,14.969900,14.570028,18074499
2013-12-23,14.950900,15.444800,14.456900,15.273800,14.865810,4511900
2013-12-30,15.102800,15.368800,14.286000,14.399900,14.015255,8491707
2014-01-06,14.305000,14.342900,13.108100,13.203100,12.850423,16201558
2014-01-13,13.298100,14.058000,13.146100,13.678100,13.312734,12304847
2014-01-20,13.678100,13.963000,13.298100,13.412100,13.053839,18105619
2014-01-27,13.184100,13.450100,12.766200,12.899200,12.554641,7730051
2014-02-03,12.899200,12.994100,12.177300,12.880200,12.536148,7563782
2014-02-10,12.937200,14.342900,12.766200,13.469100,13.109317,17065457
2014-02-17,13.868000,14.323900,13.298100,13.412100,13.053839,15960029
2014-02-24,13.317100,13.412100,12.310200,12.329200,11.999866,23694108
2014-03-03,12.348200,12.861200,12.310200,12.595200,12.258760,12599036
2014-03-10,12.443200,12.462200,11.284400,11.341400,11.038451,13678253
2014-03-17,11.094400,11.740300,11.018400,11.588300,11.278756,10565369
2014-03-24,11.683300,13.070100,11.436400,13.070100,12.720975,25964152
2014-03-31,13.298100,13.678100,12.443200,12.823200,12.480670,17795561
2014-04-07,12.975200,13.811000,12.595200,13.070100,12.720975,16398047
2014-04-14,12.899200,13.260100,12.291200,12.538200,12.203283,8269425
2014-04-21,12.538200,12.557200,11.778300,11.797300,11.482174,4671734
2014-04-28,11.854300,12.158300,11.531400,11.854300,11.537651,8268840
2014-05-05,11.778300,11.816300,11.056400,11.208400,10.909004,7589199
2014-05-12,11.208400,11.816300,11.189400,11.721300,11.408204,10516377
2014-05-19,11.740300,12.063300,11.626300,11.854300,11.537651,11046769
2014-05-26,11.873300,12.994100,11.569400,12.842200,12.499164,17854979
2014-06-02,12.842200,13.298100,12.595200,13.260100,12.905900,14154183
2014-06-09,13.298100,13.640000,12.937200,13.336100,12.979869,7417861
2014-06-16,13.355100,13.412100,12.481200,12.557200,12.221776,9590159
2014-06-23,12.652200,13.279100,12.500200,12.937200,12.591624,11638987
2014-06-30,12.975200,14.210000,12.975200,14.191000,13.811935,11969664
2014-07-07,14.191000,14.437900,13.849000,14.039000,13.663993,9236046
2014-07-14,13.925000,14.229000,13.659000,14.039000,13.663993,5820166
2014-07-21,13.963000,15.767700,13.963000,15.691800,15.272645,20261338
2014-07-28,15.520800,16.641600,15.520800,15.976700,15.549934,28718596
2014-08-04,15.976700,16.527599,14.912900,15.159800,14.754855,17084412
2014-08-11,15.235800,16.527599,15.083800,15.976700,15.549934,10844311
2014-08-18,15.824700,18.503401,15.767700,18.370399,17.879696,31295820
2014-08-25,18.427401,18.427401,17.382500,17.914400,17.435875,23146411
2014-09-01,17.914400,18.427401,17.534500,18.408400,17.916679,14730605
2014-09-08,18.446400,18.484400,17.610500,17.629499,17.158585,6509091
2014-09-15,17.572500,17.705500,16.337700,16.755600,16.308029,16335669
2014-09-22,16.660601,16.793600,16.147699,16.337700,15.901294,13574886
2014-09-29,16.147699,16.584600,15.862700,16.128700,15.697875,8530051
2014-10-06,16.147699,17.819500,16.147699,17.040600,16.585413,14277759
2014-10-13,15.938700,16.379999,14.305000,16.080000,15.650476,46781178
2014-10-20,16.299999,16.559999,15.340000,15.940000,15.514215,21830893
2014-10-27,15.960000,16.879999,15.760000,16.639999,16.195517,11492158
2014-11-03,16.799999,17.000000,15.820000,15.880000,15.455817,17900551
2014-11-10,15.900000,18.459999,15.680000,18.459999,17.966902,29629889
2014-11-17,18.760000,18.920000,17.799999,18.320000,17.830641,19167999
2014-11-24,19.000000,21.200001,18.959999,20.000000,19.465767,57408454
2014-12-01,20.000000,22.200001,18.900000,21.000000,20.439054,38779602
2014-12-08,21.000000,21.650000,18.540001,19.500000,18.979124,37855218
2014-12-15,19.100000,20.049999,18.500000,18.600000,18.103163,22995941
2014-12-22,18.860001,20.799999,18.600000,20.000000,19.465767,17806154
2014-12-29,21.350000,23.100000,20.900000,23.049999,22.434294,24366485
2015-01-05,23.000000,23.500000,21.400000,22.600000,21.996317,20345956
2015-01-12,23.000000,23.400000,21.600000,23.400000,22.774946,22385275
2015-01-19,22.799999,25.200001,20.500000,24.700001,24.040222,50746950
2015-01-26,24.799999,25.500000,23.000000,24.000000,23.358919,40879955
2015-02-02,23.100000,25.100000,23.000000,24.500000,23.845558,21972365
2015-02-09,24.000000,24.950001,23.700001,24.950001,24.283543,16210380
2015-02-16,24.950001,25.200001,24.400000,24.799999,24.137547,4935490
2015-02-23,24.950001,27.500000,24.750000,27.000000,26.278786,30135075
2015-03-02,27.299999,27.500000,24.900000,25.500000,24.818853,24179335
2015-03-09,25.000000,25.750000,24.100000,25.100000,24.429535,24846345
2015-03-16,25.299999,26.400000,24.750000,26.200001,25.500153,46552919
2015-03-23,26.799999,27.299999,25.700001,26.200001,25.500153,34251721
2015-03-30,27.100000,27.150000,25.650000,27.100000,26.376114,30520314
2015-04-06,27.100000,30.100000,27.100000,30.000000,29.198645,46699253
2015-04-13,29.850000,33.299999,29.049999,33.000000,32.118511,71213582
2015-04-20,33.000000,33.049999,30.200001,31.350000,30.512587,47486371
2015-04-27,31.350000,32.000000,28.549999,28.950001,28.176697,42496863
2015-05-04,28.900000,33.200001,28.299999,31.000000,30.171938,631315527
2015-05-11,30.900000,31.850000,28.049999,28.900000,28.128031,138956211
2015-05-18,29.299999,31.250000,28.750000,31.250000,30.415258,121307521
2015-05-25,31.250000,32.849998,30.049999,31.600000,30.755907,84967745
2015-06-01,31.500000,32.200001,29.799999,29.850000,29.052656,45709698
2015-06-08,29.700001,30.400000,28.650000,30.250000,29.441971,36439366
2015-06-15,29.850000,29.900000,27.799999,28.049999,27.300734,29993557
2015-06-22,28.299999,31.200001,28.049999,29.350000,28.566011,50911752
2015-06-29,29.450001,29.600000,25.850000,26.400000,25.694811,65789437
2015-07-06,26.900000,27.000000,18.600000,24.549999,23.894228,125427097
2015-07-13,24.650000,26.549999,23.850000,25.650000,24.964846,31676696
2015-07-20,25.799999,27.049999,25.000000,26.100000,25.402822,24562778
2015-07-27,25.500000,25.750000,22.900000,23.150000,22.531624,51813355
2015-08-03,23.250000,23.900000,21.850000,23.450001,22.823610,36238525
2015-08-10,23.450001,25.049999,22.549999,22.950001,22.336967,28327695
2015-08-17,22.650000,23.200001,20.299999,20.950001,20.390392,27782855
2015-08-24,20.000000,23.400000,17.799999,22.150000,21.558336,94473425
2015-08-31,22.200001,22.350000,20.049999,21.299999,20.731041,43065263
2015-09-07,20.700001,24.100000,20.549999,23.400000,22.774946,31693527
2015-09-14,23.500000,25.200001,22.600000,24.299999,23.650904,30999990
2015-09-21,23.900000,24.700001,22.250000,23.250000,22.628954,35203171
2015-09-28,23.250000,24.900000,22.100000,24.600000,23.942890,19445855
2015-10-05,25.299999,25.799999,24.350000,25.200001,24.526865,38410227
2015-10-12,25.500000,26.400000,24.299999,25.750000,25.062174,25074130
2015-10-19,25.549999,26.100000,25.049999,26.000000,25.305494,14188762
2015-10-26,26.200001,26.200001,24.049999,24.500000,23.845558,21623307
2015-11-02,24.250000,26.200001,23.799999,26.150000,25.451487,21323249
2015-11-09,25.700001,26.200001,24.900000,25.299999,24.624193,22624516
2015-11-16,24.700001,25.500000,23.950001,24.650000,23.991554,18778219
2015-11-23,24.650000,24.650000,23.150000,23.250000,22.628954,18743548
2015-11-30,23.350000,24.200001,22.950001,23.950001,23.310257,29918441
2015-12-07,24.000000,24.100000,22.100000,22.150000,21.558336,19489192
2015-12-14,21.650000,24.750000,21.549999,24.150000,23.504910,30411858
2015-12-21,23.750000,24.799999,23.700001,24.450001,23.796898,11159702
2015-12-28,24.500000,24.500000,23.350000,24.000000,23.358919,12059242
2016-01-04,23.799999,23.850000,20.950001,21.150000,20.585047,24516773
2016-01-11,20.000000,20.549999,18.059999,18.100000,17.616518,28920741
2016-01-18,17.600000,19.320000,16.240000,17.660000,17.188274,45974516
2016-01-25,18.080000,18.200001,15.200000,16.160000,15.728339,59751144
2016-02-01,16.180000,16.200001,15.220000,15.780000,15.358490,28519684
2016-02-08,15.780000,15.780000,14.040000,14.540000,14.151612,17340392
2016-02-15,14.800000,16.400000,14.760000,15.900000,15.475284,36631458
2016-02-22,15.900000,16.299999,14.720000,15.100000,14.696654,39721874
2016-02-29,15.180000,16.379999,14.500000,16.260000,15.825667,53283578
2016-03-07,16.500000,16.980000,15.320000,15.600000,15.183297,32984885
2016-03-14,15.780000,17.520000,15.480000,17.379999,16.915751,54015749
2016-03-21,17.620001,18.400000,16.360001,16.480000,16.039791,56164280
2016-03-28,16.480000,17.180000,15.960000,16.340000,15.903529,50184338
2016-04-04,16.340000,16.340000,15.420000,15.600000,15.183297,35723576
2016-04-11,15.520000,17.780001,15.520000,17.379999,16.915751,53493966
2016-04-18,17.200001,17.480000,16.540001,16.660000,16.214983,39313146
2016-04-25,16.600000,16.780001,15.880000,15.900000,15.475284,24580839
2016-05-02,15.900000,16.100000,15.040000,15.060000,14.657722,25806743
2016-05-09,15.200000,15.300000,14.200000,14.300000,13.918022,45384623
2016-05-16,14.200000,14.780000,13.880000,14.120000,13.742830,20106116
2016-05-23,14.200000,14.500000,13.920000,14.440000,14.054282,22120060
2016-05-30,14.500000,15.120000,14.320000,15.040000,14.638256,44078108
2016-06-06,15.100000,15.280000,14.140000,14.160000,13.781762,24903586
2016-06-13,14.020000,14.120000,13.440000,13.720000,13.353516,36384072
2016-06-20,13.800000,14.540000,13.520000,13.980000,13.606569,31216111
2016-06-27,13.700000,14.480000,13.480000,14.440000,14.054282,34376373
2016-07-04,14.460000,14.720000,13.880000,13.940000,13.567637,23279788
2016-07-11,14.120000,15.600000,13.880000,15.580000,15.163831,44967576
2016-07-18,15.500000,15.740000,15.140000,15.400000,14.988639,28778356
2016-07-25,15.580000,16.219999,15.160000,15.200000,14.793983,36666975
2016-08-01,15.180000,15.560000,14.940000,15.400000,14.988639,17936312
2016-08-08,15.500000,16.900000,15.500000,16.700001,16.253914,32419369
2016-08-15,16.799999,17.840000,15.960000,16.360001,15.922997,52867955
2016-08-22,16.400000,16.400000,15.680000,15.860000,15.436353,36751967
2016-08-29,15.900000,16.040001,15.500000,15.960000,15.533681,32707911
2016-09-05,16.139999,17.719999,16.120001,17.340000,16.876820,85438026
2016-09-12,16.879999,16.900000,15.800000,16.160000,15.728339,47925310
2016-09-19,16.360001,16.920000,16.080000,16.160000,15.728339,57947174
2016-09-26,16.059999,16.059999,15.300000,15.300000,14.891310,47810224
2016-10-03,15.540000,16.379999,15.540000,16.340000,15.903529,30011679
2016-10-10,16.340000,16.559999,15.680000,15.920000,15.494749,23657955
2016-10-17,15.900000,16.059999,15.680000,15.720000,15.300092,19495732
2016-10-24,15.700000,15.860000,15.120000,15.180000,14.774516,35043440
2016-10-31,15.100000,15.280000,14.860000,15.100000,14.696654,29007422
2016-11-07,15.020000,15.520000,14.600000,15.300000,14.891310,30235556
2016-11-14,15.120000,16.420000,15.100000,16.180000,15.747804,49072119
2016-11-21,16.180000,18.260000,15.920000,18.059999,17.577585,85565701
2016-11-28,18.080000,18.280001,17.420000,17.420000,16.954683,51680394
2016-12-05,17.480000,17.700001,16.940001,17.360001,16.896286,31739562
2016-12-12,17.400000,17.420000,16.200001,16.639999,16.195517,38075114
2016-12-19,16.500000,16.500000,15.540000,15.640000,15.222229,33231988
2016-12-26,15.640000,16.080000,15.560000,16.000000,15.572613,9786516
2017-01-02,16.000000,16.719999,15.720000,16.379999,15.942461,20717169
2017-01-09,16.340000,16.760000,16.340000,16.500000,16.059256,21659000
2017-01-16,16.379999,16.760000,16.040001,16.639999,16.195517,36833793
2017-01-23,16.740000,17.240000,16.639999,17.120001,16.662695,29267584
2017-01-30,17.120001,17.180000,16.700001,17.120001,16.662695,14736546
2017-02-06,17.120001,19.480000,17.120001,18.980000,18.473013,92900279
2017-02-13,18.980000,19.379999,18.520000,18.680000,18.181023,46809758
2017-02-20,18.620001,19.580000,18.260000,18.540001,18.044764,36132329
2017-02-27,18.540001,18.879999,18.040001,18.400000,17.908506,30314222
2017-03-06,18.400000,18.799999,18.260000,18.459999,17.966902,21678616
2017-03-13,18.340000,20.000000,18.340000,20.000000,19.465767,39923744
2017-03-20,20.000000,20.799999,18.860001,19.200001,18.687138,44511308
2017-03-27,19.200001,19.360001,18.500000,18.820000,18.317286,21883346
2017-04-03,18.900000,19.000000,18.280001,18.620001,18.122627,25016317
2017-04-10,18.580000,19.000000,18.260000,18.420000,17.927971,19045981
2017-04-17,18.420000,18.959999,18.200001,18.500000,18.005833,30917365
2017-04-24,18.600000,19.840000,18.600000,19.400000,18.881794,45027796
2017-05-01,19.400000,19.700001,18.500000,18.760000,18.258888,14286500
2017-05-08,18.799999,20.400000,18.500000,20.100000,19.563095,44895283
2017-05-15,20.350000,20.400000,19.100000,19.700001,19.173779,27488714
2017-05-22,19.700001,20.850000,19.620001,20.350000,19.806416,27570530
2017-05-29,20.450001,21.400000,20.100000,20.600000,20.049736,22910124
2017-06-05,20.650000,21.000000,19.920000,20.350000,19.806416,29622102
2017-06-12,20.150000,20.549999,19.200001,19.240000,18.726067,34274579
2017-06-19,19.260000,20.250000,19.219999,20.100000,19.563095,36847532
2017-06-26,20.100000,20.549999,19.700001,19.780001,19.251644,24372836
2017-07-03,19.780001,20.100000,19.059999,19.620001,19.192751,40304199
2017-07-10,19.620001,22.000000,19.580000,21.600000,21.129635,56999816
2017-07-17,21.850000,24.100000,21.700001,22.750000,22.254593,85558149
2017-07-24,22.750000,23.850000,22.750000,22.900000,22.401325,36842166
2017-07-31,22.900000,25.700001,22.750000,24.950001,24.406685,65185453
2017-08-07,24.900000,25.549999,23.000000,23.250000,22.743706,45717658
2017-08-14,23.400000,24.600000,23.100000,23.299999,22.792614,50572450
2017-08-21,23.100000,25.000000,22.799999,24.350000,23.819750,72745057
2017-08-28,24.350000,24.700001,23.049999,23.650000,23.134991,51807548
2017-09-04,23.700001,23.850000,22.400000,23.049999,22.548058,55515025
2017-09-11,23.150000,23.250000,22.100000,22.100000,21.618746,43149754
2017-09-18,22.299999,22.900000,22.100000,22.450001,21.961126,50144525
2017-09-25,22.350000,22.350000,20.850000,20.900000,20.444878,46017185
2017-10-02,20.900000,22.900000,20.900000,22.500000,22.010035,22071015
2017-10-09,22.500000,23.850000,22.100000,23.600000,23.086082,47933425
2017-10-16,23.850000,25.450001,23.500000,24.600000,24.064304,56751897
2017-10-23,25.000000,26.500000,24.600000,25.850000,25.287086,57896974
2017-10-30,25.600000,26.950001,25.100000,26.799999,26.216396,50741883
2017-11-06,26.799999,29.150000,26.200001,29.049999,28.417400,76012534
2017-11-13,29.000000,30.200001,27.549999,29.200001,28.564138,83978095
2017-11-20,29.200001,32.950001,28.600000,32.950001,32.232475,109768882
2017-11-27,32.799999,32.900002,28.500000,28.650000,28.026114,84164655
2017-12-04,28.500000,30.250000,26.450001,28.549999,27.928289,103072746
2017-12-11,28.350000,30.000000,27.799999,28.049999,27.439177,64892409
2017-12-18,28.250000,30.100000,28.200001,29.650000,29.004335,32205365
2017-12-25,29.650000,29.799999,28.450001,29.299999,28.661957,17777791
2018-01-01,29.299999,31.600000,29.150000,30.299999,29.640181,50800203
2018-01-08,30.450001,32.200001,29.700001,32.000000,31.303164,56391577
2018-01-15,32.000000,35.849998,31.950001,34.700001,33.944366,64689739
2018-01-22,34.650002,36.099998,32.299999,33.549999,32.819408,62817452
2018-01-29,33.799999,34.299999,31.500000,33.400002,32.672672,60411446
2018-02-05,31.750000,33.849998,26.400000,27.500000,26.901155,90913612
2018-02-12,27.750000,30.500000,27.350000,30.100000,29.444536,29775953
2018-02-19,30.100000,31.150000,29.000000,30.600000,29.933649,30881862
2018-02-26,31.000000,31.750000,28.400000,28.500000,27.879377,50403264
2018-03-05,28.500000,30.150000,27.299999,29.900000,29.248892,49359000
2018-03-12,30.500000,31.350000,29.350000,30.400000,29.738005,36322581
2018-03-19,30.500000,31.100000,25.700001,26.900000,26.314219,61930751
2018-03-26,26.500000,28.549999,25.799999,25.950001,25.384909,77631616
2018-04-02,25.950001,26.450001,24.299999,24.799999,24.259951,24955321
2018-04-09,24.850000,26.850000,23.900000,25.700001,25.140354,70248009
2018-04-16,25.750000,25.750000,23.350000,24.750000,24.211040,47564717
2018-04-23,24.650000,26.299999,24.150000,25.049999,24.504505,37269279
2018-04-30,24.950001,26.700001,24.950001,25.049999,24.504505,34427593
2018-05-07,25.500000,28.700001,25.049999,28.500000,27.879377,65254520
2018-05-14,28.549999,29.850000,27.200001,28.250000,27.634823,43850048
2018-05-21,28.500000,29.450001,27.600000,27.850000,27.243534,23986069
2018-05-28,27.850000,28.299999,26.299999,28.000000,27.390266,28413289
2018-06-04,28.400000,29.750000,27.900000,28.700001,28.075022,53691475
2018-06-11,28.850000,29.500000,28.200001,28.950001,28.319582,40121815
2018-06-18,28.950001,28.950001,26.299999,27.000000,26.412045,39285930
2018-06-25,27.000000,27.400000,23.500000,24.549999,24.015394,59826280
2018-07-02,24.549999,25.350000,23.100000,23.750000,23.330639,49684269
2018-07-09,24.299999,26.850000,24.299999,25.900000,25.655909,40095832
2018-07-16,26.049999,26.299999,24.400000,26.000000,25.754965,35594870
2018-07-23,27.000000,28.799999,26.549999,27.750000,27.488474,50169742
2018-07-30,27.600000,27.950001,25.000000,25.200001,24.962507,36766272
2018-08-06,25.600000,27.200001,24.650000,27.100000,26.844601,32635781
2018-08-13,26.500000,26.650000,23.450001,23.950001,23.724287,37610105
2018-08-20,24.100000,26.450001,23.900000,25.500000,25.259678,46938035
2018-08-27,26.600000,27.500000,24.850000,24.900000,24.665333,47203737
2018-09-03,25.049999,25.350000,23.200001,24.299999,24.070986,49246130
2018-09-10,23.950001,25.600000,23.250000,25.500000,25.259678,32002493
2018-09-17,24.799999,27.850000,24.700001,27.750000,27.488474,43479564
2018-09-24,27.500000,28.000000,26.549999,27.450001,27.191301,27754455
2018-10-01,27.450001,28.000000,26.100000,26.600000,26.349312,21855117
2018-10-08,26.799999,27.049999,23.549999,25.400000,25.160622,51389335
2018-10-15,25.200001,26.799999,24.750000,26.500000,26.250254,41510350
2018-10-22,26.799999,27.799999,24.950001,25.950001,25.705439,58621138
2018-10-29,25.700001,27.950001,24.700001,27.950001,27.686590,45647654
2018-11-05,27.850000,28.150000,25.500000,26.549999,26.299782,45167086
2018-11-12,26.750000,28.200001,25.850000,27.000000,26.745543,34149274
2018-11-19,27.100000,27.100000,25.000000,25.250000,25.012033,32580783
2018-11-26,25.150000,26.450001,25.150000,25.900000,25.655909,24941036
2018-12-03,26.350000,26.750000,24.650000,24.750000,24.516748,33404990
2018-12-10,24.500000,25.049999,23.850000,24.250000,24.021460,29813433
2018-12-17,24.000000,24.200001,20.700001,21.400000,21.198318,47955147
2018-12-24,21.000000,21.549999,20.750000,21.100000,20.901146,8731908
2018-12-31,21.150000,21.600000,19.780001,20.250000,20.059156,17288491
2019-01-07,20.500000,20.850000,18.879999,19.900000,19.712454,77145013
2019-01-14,19.780001,21.700001,19.219999,21.600000,21.396435,60796632
2019-01-21,21.650000,21.850000,20.000000,20.950001,20.752562,44307027
2019-01-28,21.250000,22.000000,20.100000,21.799999,21.594547,57208526
2019-02-04,22.299999,22.299999,21.299999,21.600000,21.396435,9442559
2019-02-11,21.650000,23.049999,21.299999,21.700001,21.495491,51226218
2019-02-18,21.950001,25.100000,21.950001,25.049999,24.813917,72710582
2019-02-25,25.400000,26.549999,24.150000,25.799999,25.556850,83538800
2019-03-04,26.000000,26.450001,23.000000,23.000000,22.783239,70031181
2019-03-11,23.000000,24.200001,23.000000,23.450001,23.228998,44615721
2019-03-18,23.549999,24.500000,23.049999,23.450001,23.228998,46917547
2019-03-25,22.799999,23.400000,22.299999,23.400000,23.179468,61832207
2019-04-01,23.799999,25.950001,23.500000,25.200001,24.962507,62718856
2019-04-08,25.650000,26.350000,24.250000,24.799999,24.566275,53162505
2019-04-15,25.100000,26.350000,24.700001,25.900000,25.655909,50940466
2019-04-22,25.900000,25.900000,23.799999,24.150000,23.922401,41830314
2019-04-29,24.150000,24.500000,23.600000,24.299999,24.070986,16797880
2019-05-06,23.500000,23.500000,20.500000,21.250000,21.049732,73196475
2019-05-13,21.250000,21.250000,19.660000,19.660000,19.474718,41582234
2019-05-20,19.680000,20.100000,19.000000,19.400000,19.217167,52664993
2019-05-27,19.459999,20.700001,19.100000,20.150000,19.960098,44248252
2019-06-03,20.250000,20.450001,18.700001,19.320000,19.137922,52262536
2019-06-10,19.580000,20.700001,19.299999,19.440001,19.256790,44817393
2019-06-17,19.600000,21.400000,19.320000,20.700001,20.504917,50594106
2019-06-24,20.799999,21.299999,19.959999,20.900000,20.703030,42755715
2019-07-01,20.900000,21.700001,20.700001,21.500000,21.297375,28806169
2019-07-08,21.150000,22.299999,20.700001,21.799999,21.799999,38898116
2019-07-15,21.799999,22.100000,21.350000,21.950001,21.950001,22252102
2019-07-22,21.850000,22.150000,21.450001,21.799999,21.799999,20458628
2019-07-29,21.799999,22.450001,20.600000,20.650000,20.650000,32168581
2019-08-05,20.350000,20.500000,18.700001,18.959999,18.959999,55139054
2019-08-12,19.000000,19.400000,18.320000,19.020000,19.020000,51323639
2019-08-19,19.340000,19.760000,18.879999,19.100000,19.100000,47814650
2019-08-26,18.420000,18.780001,17.200001,17.660000,17.660000,80071619
2019-09-02,17.500000,19.000000,17.360001,18.639999,18.639999,102803425
2019-09-09,18.740000,19.180000,18.379999,18.940001,18.940001,47997178
2019-09-16,18.760000,18.900000,17.840000,18.160000,18.160000,42142753
2019-09-23,18.240000,18.280001,17.459999,17.580000,17.580000,31672725
2019-09-30,17.440001,17.559999,16.940001,17.160000,17.160000,15403830
2019-10-07,17.160000,18.000000,16.980000,17.860001,17.860001,27044347
2019-10-14,17.980000,18.340000,17.639999,17.820000,17.820000,32154045
2019-10-21,17.820000,18.379999,17.559999,17.940001,17.940001,31294977
2019-10-28,17.900000,18.600000,17.620001,18.459999,18.459999,29798673
2019-11-04,18.719999,20.100000,18.639999,19.620001,19.620001,51041105
2019-11-11,19.400000,19.400000,18.280001,18.459999,18.459999,31888148
2019-11-18,18.580000,19.340000,18.420000,18.660000,18.660000,21934326
2019-11-25,18.680000,18.940001,17.959999,18.100000,18.100000,23582451
2019-12-02,18.059999,18.540001,17.820000,18.379999,18.379999,27674656
2019-12-09,18.320000,19.600000,18.080000,19.520000,19.520000,33015392
2019-12-16,19.580000,19.980000,19.120001,19.280001,19.280001,31634035
2019-12-23,19.280001,19.420000,18.920000,19.320000,19.320000,14380332
2019-12-30,19.379999,21.000000,19.219999,20.400000,20.400000,35997279
2020-01-03,20.400000,21.000000,20.350000,20.400000,20.400000,12774817